OEE_L020_130,REAL_TIME_DATA,CML130_STATUS_RUN_FDBK,T3801_CC72_PLC_33,CC72_CML130.Status.RunningFdbk
OEE_L020_130,REAL_TIME_DATA,CML130_STATUS_ALARM_OVERLOAD,T3801_CC72_PLC_33,CC72_CML130.Alarm.Overload
OEE_L020_130,REAL_TIME_DATA,CML130_STATUS_ALARM_DISCONNET,T3801_CC72_PLC_33,CC72_CML130.Alarm.Disconnect
OEE_L020_130,REAL_TIME_DATA,CML130_STATUS_ALARM_RUN,T3801_CC72_PLC_33,CC72_CML130.Alarm.RunAlarm
OEE_L020_130,REAL_TIME_DATA,CML130_STATUS_ALARM_COMM,T3801_CC72_PLC_33,CC72_CML130.Alarm.CommAlm
OEE_L020_130,REAL_TIME_DATA,CML130_STATUS_SAFETY,T3801_CC72_PLC_33,CC72_CML130.Status.SafetyInterlock
OEE_L020_130,REAL_TIME_DATA,ITL130_STATUS_ALARM_IN,T3801_CC72_PLC_33,CC72_ITL130.Status.InAlarm
OEE_L020_130,REAL_TIME_DATA,PEL130_STATUS_1MIN_FLOW,T3801_CC72_PLC_33,CC72_PEL130.Status.OneMinuteFlow
OEE_L020_130,REAL_TIME_DATA,PEL020A_STATUS_CURR_SHIFT_COUNT,T3801_CC72_PLC_33,CC72_PEL020A.Status.CurrentShiftCount
OEE_L020_130,REAL_TIME_DATA,PEL020B_STATUS_CURR_SHIFT_COUNT,T3801_CC72_PLC_33,CC72_PEL020B.Status.CurrentShiftCount
OEE_L020_130,REAL_TIME_DATA,PEL020R_STATUS_CURR_SHIFT_COUNT,T3801_CC72_PLC_33,CC72_PEL020R.Status.CurrentShiftCount
OEE_L020_130,REAL_TIME_DATA,PEL030_STATUS_CURR_SHIFT_COUNT,T3801_CC72_PLC_33,CC72_PEL030.Status.CurrentShiftCount
OEE_L020_130,REAL_TIME_DATA,PEL060_STATUS_CURR_SHIFT_COUNT,T3801_CC72_PLC_33,CC72_PEL060.Status.CurrentShiftCount
OEE_L020_130,REAL_TIME_DATA,PEL070_STATUS_CURR_SHIFT_COUNT,T3801_CC72_PLC_33,CC72_PEL070.Status.CurrentShiftCount
OEE_L020_130,REAL_TIME_DATA,PEL090_STATUS_CURR_SHIFT_COUNT,T3801_CC72_PLC_33,CC72_PEL090.Status.CurrentShiftCount
OEE_L020_130,REAL_TIME_DATA,PEL100_STATUS_CURR_SHIFT_COUNT,T3801_CC72_PLC_33,CC72_PEL100.Status.CurrentShiftCount
OEE_L020_130,REAL_TIME_DATA,PEL120_STATUS_CURR_SHIFT_COUNT,T3801_CC72_PLC_33,CC72_PEL120.Status.CurrentShiftCount
OEE_L020_130,REAL_TIME_DATA,PEL130_STATUS_CURR_SHIFT_COUNT,T3801_CC72_PLC_33,CC72_PEL130.Status.CurrentShiftCount
OEE_L020_130,REAL_TIME_DATA,CML130_STATUS_CONVEYOR,T3801_CC72_PLC_33,CC72_CML130.Status.ConveyorFull
OEE_L020_130,REAL_TIME_DATA,PEL130_STATUS_ALARM_JAM,T3801_CC72_PLC_33,CC72_PEL130.Alarm.JamAlarm
OEE_L020_130,REAL_TIME_DATA,CML130_STATUS_POWER,T3801_CC72_PLC_33,CC72_CML130.Status.PowerSaveMode
OEE_L170_290,REAL_TIME_DATA,CML290_STATUS_RUN_FDBK,T3801_CC72_PLC_33,CC72_CML290.Status.RunningFdbk
OEE_L170_290,REAL_TIME_DATA,CML290_STATUS_ALARM_OVERLOAD,T3801_CC72_PLC_33,CC72_CML290.Alarm.Overload
OEE_L170_290,REAL_TIME_DATA,CML290_STATUS_ALARM_DISCONNET,T3801_CC72_PLC_33,CC72_CML290.Alarm.Disconnect
OEE_L170_290,REAL_TIME_DATA,CML290_STATUS_ALARM_RUN,T3801_CC72_PLC_33,CC72_CML290.Alarm.RunAlarm
OEE_L170_290,REAL_TIME_DATA,ITL280_STATUS_ALARM_IN,T3801_CC72_PLC_33,CC72_ITL280.Status.InAlarm
OEE_L170_290,REAL_TIME_DATA,PEL280_STATUS_1MIN_FLOW,T3801_CC72_PLC_33,CC72_PEL280.Status.OneMinuteFlow
OEE_L170_290,REAL_TIME_DATA,PEL290_STATUS_1MIN_FLOW,T3801_CC72_PLC_33,CC72_PEL290.Status.OneMinuteFlow
OEE_L170_290,REAL_TIME_DATA,PEL280_STATUS_CURR_SHIFT_COUNT,T3801_CC72_PLC_33,CC72_PEL280.Status.CurrentShiftCount
OEE_L170_290,REAL_TIME_DATA,PEL290_STATUS_CURR_SHIFT_COUNT,T3801_CC72_PLC_33,CC72_PEL290.Status.CurrentShiftCount
OEE_L170_290,REAL_TIME_DATA,PEL170A_STATUS_CURR_SHIFT_COUNT,T3801_CC72_PLC_33,CC72_PEL170A.Status.CurrentShiftCount
OEE_L170_290,REAL_TIME_DATA,PEL170B_STATUS_CURR_SHIFT_COUNT,T3801_CC72_PLC_33,CC72_PEL170B.Status.CurrentShiftCount
OEE_L170_290,REAL_TIME_DATA,PEL170R_STATUS_CURR_SHIFT_COUNT,T3801_CC72_PLC_33,CC72_PEL170R.Status.CurrentShiftCount
OEE_L170_290,REAL_TIME_DATA,PEL180_STATUS_CURR_SHIFT_COUNT,T3801_CC72_PLC_33,CC72_PEL180.Status.CurrentShiftCount
OEE_L170_290,REAL_TIME_DATA,PEL210_STATUS_CURR_SHIFT_COUNT,T3801_CC72_PLC_33,CC72_PEL210.Status.CurrentShiftCount
OEE_L170_290,REAL_TIME_DATA,PEL220_STATUS_CURR_SHIFT_COUNT,T3801_CC72_PLC_33,CC72_PEL220.Status.CurrentShiftCount
OEE_L170_290,REAL_TIME_DATA,PEL240_STATUS_CURR_SHIFT_COUNT,T3801_CC72_PLC_33,CC72_PEL240.Status.CurrentShiftCount
OEE_L170_290,REAL_TIME_DATA,PEL250_STATUS_CURR_SHIFT_COUNT,T3801_CC72_PLC_33,CC72_PEL250.Status.CurrentShiftCount
OEE_L170_290,REAL_TIME_DATA,PEL270_STATUS_CURR_SHIFT_COUNT,T3801_CC72_PLC_33,CC72_PEL270.Status.CurrentShiftCount
OEE_L170_290,REAL_TIME_DATA,PEL280_STATUS_ALARM_JAM,T3801_CC72_PLC_33,CC72_PEL280.Alarm.JamAlarm
OEE_L170_290,REAL_TIME_DATA,PEL290_STATUS_ALARM_JAM,T3801_CC72_PLC_33,CC72_PEL290.Alarm.JamAlarm
OEE_L170_290,REAL_TIME_DATA,CML290_STATUS_POWER,T3801_CC72_PLC_33,CC72_CML290.Status.PowerSaveMode
OEE_L420_530,REAL_TIME_DATA,CML530_STATUS_RUN_FDBK,T3801_CC72_PLC_33,CC72_CML530.Status.RunningFdbk
OEE_L420_530,REAL_TIME_DATA,CML530_STATUS_ALARM_OVERLOAD,T3801_CC72_PLC_33,CC72_CML530.Alarm.Overload
OEE_L420_530,REAL_TIME_DATA,CML530_STATUS_ALARM_DISCONNET,T3801_CC72_PLC_33,CC72_CML530.Alarm.Disconnect
OEE_L420_530,REAL_TIME_DATA,CML530_STATUS_ALARM_RUN,T3801_CC72_PLC_33,CC72_CML530.Alarm.RunAlarm
OEE_L420_530,REAL_TIME_DATA,CML530_STATUS_ALARM_COMM,T3801_CC72_PLC_33,CC72_CML530.Alarm.CommAlm
OEE_L420_530,REAL_TIME_DATA,CML530_STATUS_SAFETY,T3801_CC72_PLC_33,CC72_CML530.Status.SafetyInterlock
OEE_L420_530,REAL_TIME_DATA,ITL520_STATUS_ALARM_IN,T3801_CC72_PLC_33,CC72_ITL520.Status.InAlarm
OEE_L420_530,REAL_TIME_DATA,PEL520_STATUS_1MIN_FLOW,T3801_CC72_PLC_33,CC72_PEL520.Status.OneMinuteFlow
OEE_L420_530,REAL_TIME_DATA,PEL530_STATUS_1MIN_FLOW,T3801_CC72_PLC_33,CC72_PEL530.Status.OneMinuteFlow
OEE_L420_530,REAL_TIME_DATA,PEL420A_STATUS_CURR_SHIFT_COUNT,T3801_CC72_PLC_33,CC72_PEL420A.Status.CurrentShiftCount
OEE_L420_530,REAL_TIME_DATA,PEL420B_STATUS_CURR_SHIFT_COUNT,T3801_CC72_PLC_33,CC72_PEL420B.Status.CurrentShiftCount
OEE_L420_530,REAL_TIME_DATA,PEL420R_STATUS_CURR_SHIFT_COUNT,T3801_CC72_PLC_33,CC72_PEL420R.Status.CurrentShiftCount
OEE_L420_530,REAL_TIME_DATA,PEL430_STATUS_CURR_SHIFT_COUNT,T3801_CC72_PLC_33,CC72_PEL430.Status.CurrentShiftCount
OEE_L420_530,REAL_TIME_DATA,PEL460_STATUS_CURR_SHIFT_COUNT,T3801_CC72_PLC_33,CC72_PEL460.Status.CurrentShiftCount
OEE_L420_530,REAL_TIME_DATA,PEL490_STATUS_CURR_SHIFT_COUNT,T3801_CC72_PLC_33,CC72_PEL490.Status.CurrentShiftCount
OEE_L420_530,REAL_TIME_DATA,PEL500_STATUS_CURR_SHIFT_COUNT,T3801_CC72_PLC_33,CC72_PEL500.Status.CurrentShiftCount
OEE_L420_530,REAL_TIME_DATA,PEL520_STATUS_CURR_SHIFT_COUNT,T3801_CC72_PLC_33,CC72_PEL520.Status.CurrentShiftCount
OEE_L420_530,REAL_TIME_DATA,PEL530_STATUS_CURR_SHIFT_COUNT,T3801_CC72_PLC_33,CC72_PEL530.Status.CurrentShiftCount
OEE_L420_530,REAL_TIME_DATA,PEL470_STATUS_CURR_SHIFT_COUNT,T3801_CC72_PLC_33,CC72_PEL470.Status.CurrentShiftCount
OEE_L420_530,REAL_TIME_DATA,CML530_STATUS_CONVEYOR,T3801_CC72_PLC_33,CC72_CML530.Status.ConveyorFull
OEE_L420_530,REAL_TIME_DATA,PEL520_STATUS_ALARM_JAM,T3801_CC72_PLC_33,CC72_PEL520.Alarm.JamAlarm
OEE_L420_530,REAL_TIME_DATA,PEL530_STATUS_ALARM_JAM,T3801_CC72_PLC_33,CC72_PEL530.Alarm.JamAlarm
OEE_L420_530,REAL_TIME_DATA,CML530_STATUS_POWER,T3801_CC72_PLC_33,CC72_CML530.Status.PowerSaveMode
OEE_L010,REAL_TIME_DATA,CML010_STATUS_RUN_FDBK,T3801_CC71_PLC_35,CC71_JBL010_I0_INPUTIO
OEE_L020_130,REAL_TIME_DATA,CML020_STATUS_RUN_FDBK,T3801_CC71_PLC_35,CC71_CML020.Status.RunningFdbk
OEE_L020_130,REAL_TIME_DATA,CML030_STATUS_RUN_FDBK,T3801_CC71_PLC_35,CC71_CML030.Status.RunningFdbk
OEE_L020_130,REAL_TIME_DATA,CML050_STATUS_RUN_FDBK,T3801_CC71_PLC_35,CC71_CML050.Status.RunningFdbk
OEE_L020_130,REAL_TIME_DATA,CML070_STATUS_RUN_FDBK,T3801_CC71_PLC_35,CC71_CML070.Status.RunningFdbk
OEE_L020_130,REAL_TIME_DATA,CML080_STATUS_RUN_FDBK,T3801_CC71_PLC_35,CC71_CML080.Status.RunningFdbk
OEE_L020_130,REAL_TIME_DATA,CML090_STATUS_RUN_FDBK,T3801_CC71_PLC_35,CC71_CML090.Status.RunningFdbk
OEE_L020_130,REAL_TIME_DATA,CML100_STATUS_RUN_FDBK,T3801_CC71_PLC_35,CC71_CML100.Status.RunningFdbk
OEE_L020_130,REAL_TIME_DATA,CML110_STATUS_RUN_FDBK,T3801_CC71_PLC_35,CC71_CML110.Status.RunningFdbk
OEE_L020_130,REAL_TIME_DATA,CML120_STATUS_RUN_FDBK,T3801_CC71_PLC_35,CC71_CML120.Status.RunningFdbk
OEE_L020_130,REAL_TIME_DATA,CML020_STATUS_ALARM_OVERLOAD,T3801_CC71_PLC_35,CC71_CML020.Alarm.Overload
OEE_L020_130,REAL_TIME_DATA,CML030_STATUS_ALARM_OVERLOAD,T3801_CC71_PLC_35,CC71_CML030.Alarm.Overload
OEE_L020_130,REAL_TIME_DATA,CML050_STATUS_ALARM_OVERLOAD,T3801_CC71_PLC_35,CC71_CML050.Alarm.Overload
OEE_L020_130,REAL_TIME_DATA,CML070_STATUS_ALARM_OVERLOAD,T3801_CC71_PLC_35,CC71_CML070.Alarm.Overload
OEE_L020_130,REAL_TIME_DATA,CML080_STATUS_ALARM_OVERLOAD,T3801_CC71_PLC_35,CC71_CML080.Alarm.Overload
OEE_L020_130,REAL_TIME_DATA,CML090_STATUS_ALARM_OVERLOAD,T3801_CC71_PLC_35,CC71_CML090.Alarm.Overload
OEE_L020_130,REAL_TIME_DATA,CML100_STATUS_ALARM_OVERLOAD,T3801_CC71_PLC_35,CC71_CML100.Alarm.Overload
OEE_L020_130,REAL_TIME_DATA,CML110_STATUS_ALARM_OVERLOAD,T3801_CC71_PLC_35,CC71_CML110.Alarm.Overload
OEE_L020_130,REAL_TIME_DATA,CML120_STATUS_ALARM_OVERLOAD,T3801_CC71_PLC_35,CC71_CML120.Alarm.Overload
OEE_L020_130,REAL_TIME_DATA,CML020_STATUS_ALARM_DISCONNET,T3801_CC71_PLC_35,CC71_CML020.Alarm.Disconnect
OEE_L020_130,REAL_TIME_DATA,CML030_STATUS_ALARM_DISCONNET,T3801_CC71_PLC_35,CC71_CML030.Alarm.Disconnect
OEE_L020_130,REAL_TIME_DATA,CML050_STATUS_ALARM_DISCONNET,T3801_CC71_PLC_35,CC71_CML050.Alarm.Disconnect
OEE_L020_130,REAL_TIME_DATA,CML070_STATUS_ALARM_DISCONNET,T3801_CC71_PLC_35,CC71_CML070.Alarm.Disconnect
OEE_L020_130,REAL_TIME_DATA,CML080_STATUS_ALARM_DISCONNET,T3801_CC71_PLC_35,CC71_CML080.Alarm.Disconnect
OEE_L020_130,REAL_TIME_DATA,CML090_STATUS_ALARM_DISCONNET,T3801_CC71_PLC_35,CC71_CML090.Alarm.Disconnect
OEE_L020_130,REAL_TIME_DATA,CML100_STATUS_ALARM_DISCONNET,T3801_CC71_PLC_35,CC71_CML100.Alarm.Disconnect
OEE_L020_130,REAL_TIME_DATA,CML110_STATUS_ALARM_DISCONNET,T3801_CC71_PLC_35,CC71_CML110.Alarm.Disconnect
OEE_L020_130,REAL_TIME_DATA,CML120_STATUS_ALARM_DISCONNET,T3801_CC71_PLC_35,CC71_CML120.Alarm.Disconnect
OEE_L020_130,REAL_TIME_DATA,CML020_STATUS_ALARM_RUN,T3801_CC71_PLC_35,CC71_CML020.Alarm.RunAlarm
OEE_L020_130,REAL_TIME_DATA,CML030_STATUS_ALARM_RUN,T3801_CC71_PLC_35,CC71_CML030.Alarm.RunAlarm
OEE_L020_130,REAL_TIME_DATA,CML050_STATUS_ALARM_RUN,T3801_CC71_PLC_35,CC71_CML050.Alarm.RunAlarm
OEE_L020_130,REAL_TIME_DATA,CML070_STATUS_ALARM_RUN,T3801_CC71_PLC_35,CC71_CML070.Alarm.RunAlarm
OEE_L020_130,REAL_TIME_DATA,CML080_STATUS_ALARM_RUN,T3801_CC71_PLC_35,CC71_CML080.Alarm.RunAlarm
OEE_L020_130,REAL_TIME_DATA,CML090_STATUS_ALARM_RUN,T3801_CC71_PLC_35,CC71_CML090.Alarm.RunAlarm
OEE_L020_130,REAL_TIME_DATA,CML100_STATUS_ALARM_RUN,T3801_CC71_PLC_35,CC71_CML100.Alarm.RunAlarm
OEE_L020_130,REAL_TIME_DATA,CML110_STATUS_ALARM_RUN,T3801_CC71_PLC_35,CC71_CML110.Alarm.RunAlarm
OEE_L020_130,REAL_TIME_DATA,CML120_STATUS_ALARM_RUN,T3801_CC71_PLC_35,CC71_CML120.Alarm.RunAlarm
OEE_L020_130,REAL_TIME_DATA,CML020_STATUS_ALARM_COMM,T3801_CC71_PLC_35,CC71_CML020.Alarm.CommAlm
OEE_L020_130,REAL_TIME_DATA,CML030_STATUS_ALARM_COMM,T3801_CC71_PLC_35,CC71_CML030.Alarm.CommAlm
OEE_L020_130,REAL_TIME_DATA,CML050_STATUS_ALARM_COMM,T3801_CC71_PLC_35,CC71_CML050.Alarm.CommAlm
OEE_L020_130,REAL_TIME_DATA,CML070_STATUS_ALARM_COMM,T3801_CC71_PLC_35,CC71_CML070.Alarm.CommAlm
OEE_L020_130,REAL_TIME_DATA,CML080_STATUS_ALARM_COMM,T3801_CC71_PLC_35,CC71_CML080.Alarm.CommAlm
OEE_L020_130,REAL_TIME_DATA,CML090_STATUS_ALARM_COMM,T3801_CC71_PLC_35,CC71_CML090.Alarm.CommAlm
OEE_L020_130,REAL_TIME_DATA,CML100_STATUS_ALARM_COMM,T3801_CC71_PLC_35,CC71_CML100.Alarm.CommAlm
OEE_L020_130,REAL_TIME_DATA,CML110_STATUS_ALARM_COMM,T3801_CC71_PLC_35,CC71_CML110.Alarm.CommAlm
OEE_L020_130,REAL_TIME_DATA,CML120_STATUS_ALARM_COMM,T3801_CC71_PLC_35,CC71_CML120.Alarm.CommAlm
OEE_L020_130,REAL_TIME_DATA,CML020_STATUS_SAFETY,T3801_CC71_PLC_35,CC71_CML020.Status.SafetyInterlock
OEE_L020_130,REAL_TIME_DATA,CML030_STATUS_SAFETY,T3801_CC71_PLC_35,CC71_CML030.Status.SafetyInterlock
OEE_L020_130,REAL_TIME_DATA,CML050_STATUS_SAFETY,T3801_CC71_PLC_35,CC71_CML050.Status.SafetyInterlock
OEE_L020_130,REAL_TIME_DATA,CML070_STATUS_SAFETY,T3801_CC71_PLC_35,CC71_CML070.Status.SafetyInterlock
OEE_L020_130,REAL_TIME_DATA,CML080_STATUS_SAFETY,T3801_CC71_PLC_35,CC71_CML080.Status.SafetyInterlock
OEE_L020_130,REAL_TIME_DATA,CML090_STATUS_SAFETY,T3801_CC71_PLC_35,CC71_CML090.Status.SafetyInterlock
OEE_L020_130,REAL_TIME_DATA,CML100_STATUS_SAFETY,T3801_CC71_PLC_35,CC71_CML100.Status.SafetyInterlock
OEE_L020_130,REAL_TIME_DATA,CML110_STATUS_SAFETY,T3801_CC71_PLC_35,CC71_CML110.Status.SafetyInterlock
OEE_L020_130,REAL_TIME_DATA,CML120_STATUS_SAFETY,T3801_CC71_PLC_35,CC71_CML120.Status.SafetyInterlock
OEE_L020_130,REAL_TIME_DATA,PXL120_STATUS_ALARM_AGLR,T3801_CC71_PLC_35,CC71_PXL120.Alarm.AGLRAlarm
OEE_L020_130,REAL_TIME_DATA,ITL120_STATUS_ALARM_IN,T3801_CC71_PLC_35,CC71_ITL120.Status.InAlarm
OEE_L020_130,REAL_TIME_DATA,PEL020A_STATUS_1MIN_FLOW,T3801_CC71_PLC_35,CC71_PEL020A.Status.OneMinuteFlow
OEE_L020_130,REAL_TIME_DATA,PEL020B_STATUS_1MIN_FLOW,T3801_CC71_PLC_35,CC71_PEL020B.Status.OneMinuteFlow
OEE_L020_130,REAL_TIME_DATA,PEL020R_STATUS_1MIN_FLOW,T3801_CC71_PLC_35,CC71_PEL020R.Status.OneMinuteFlow
OEE_L020_130,REAL_TIME_DATA,PEL030_STATUS_1MIN_FLOW,T3801_CC71_PLC_35,CC71_PEL030.Status.OneMinuteFlow
OEE_L020_130,REAL_TIME_DATA,PEL060_STATUS_1MIN_FLOW,T3801_CC71_PLC_35,CC71_PEL060.Status.OneMinuteFlow
OEE_L020_130,REAL_TIME_DATA,PEL070_STATUS_1MIN_FLOW,T3801_CC71_PLC_35,CC71_PEL070.Status.OneMinuteFlow
OEE_L020_130,REAL_TIME_DATA,PEL090_STATUS_1MIN_FLOW,T3801_CC71_PLC_35,CC71_PEL090.Status.OneMinuteFlow
OEE_L020_130,REAL_TIME_DATA,PEL100_STATUS_1MIN_FLOW,T3801_CC71_PLC_35,CC71_PEL100.Status.OneMinuteFlow
OEE_L020_130,REAL_TIME_DATA,PEL120_STATUS_1MIN_FLOW,T3801_CC71_PLC_35,CC71_PEL120.Status.OneMinuteFlow
OEE_L020_130,REAL_TIME_DATA,CML020_STATUS_CONVEYOR,T3801_CC71_PLC_35,CC71_CML020.Status.ConveyorFull
OEE_L020_130,REAL_TIME_DATA,CML030_STATUS_CONVEYOR,T3801_CC71_PLC_35,CC71_CML030.Status.ConveyorFull
OEE_L020_130,REAL_TIME_DATA,CML050_STATUS_CONVEYOR,T3801_CC71_PLC_35,CC71_CML050.Status.ConveyorFull
OEE_L020_130,REAL_TIME_DATA,CML070_STATUS_CONVEYOR,T3801_CC71_PLC_35,CC71_CML070.Status.ConveyorFull
OEE_L020_130,REAL_TIME_DATA,CML080_STATUS_CONVEYOR,T3801_CC71_PLC_35,CC71_CML080.Status.ConveyorFull
OEE_L020_130,REAL_TIME_DATA,CML090_STATUS_CONVEYOR,T3801_CC71_PLC_35,CC71_CML090.Status.ConveyorFull
OEE_L020_130,REAL_TIME_DATA,CML100_STATUS_CONVEYOR,T3801_CC71_PLC_35,CC71_CML100.Status.ConveyorFull
OEE_L020_130,REAL_TIME_DATA,CML110_STATUS_CONVEYOR,T3801_CC71_PLC_35,CC71_CML110.Status.ConveyorFull
OEE_L020_130,REAL_TIME_DATA,CML120_STATUS_CONVEYOR,T3801_CC71_PLC_35,CC71_CML120.Status.ConveyorFull
OEE_L020_130,REAL_TIME_DATA,PEL020A_STATUS_ALARM_JAM,T3801_CC71_PLC_35,CC71_PEL020A.Alarm.JamAlarm
OEE_L020_130,REAL_TIME_DATA,PEL020B_STATUS_ALARM_JAM,T3801_CC71_PLC_35,CC71_PEL020B.Alarm.JamAlarm
OEE_L020_130,REAL_TIME_DATA,PEL020R_STATUS_ALARM_JAM,T3801_CC71_PLC_35,CC71_PEL020R.Alarm.JamAlarm
OEE_L020_130,REAL_TIME_DATA,PEL030_STATUS_ALARM_JAM,T3801_CC71_PLC_35,CC71_PEL030.Alarm.JamAlarm
OEE_L020_130,REAL_TIME_DATA,PEL060_STATUS_ALARM_JAM,T3801_CC71_PLC_35,CC71_PEL060.Alarm.JamAlarm
OEE_L020_130,REAL_TIME_DATA,PEL070_STATUS_ALARM_JAM,T3801_CC71_PLC_35,CC71_PEL070.Alarm.JamAlarm
OEE_L020_130,REAL_TIME_DATA,PEL090_STATUS_ALARM_JAM,T3801_CC71_PLC_35,CC71_PEL090.Alarm.JamAlarm
OEE_L020_130,REAL_TIME_DATA,PEL100_STATUS_ALARM_JAM,T3801_CC71_PLC_35,CC71_PEL100.Alarm.JamAlarm
OEE_L020_130,REAL_TIME_DATA,PEL120_STATUS_ALARM_JAM,T3801_CC71_PLC_35,CC71_PEL120.Alarm.JamAlarm
OEE_L020_130,REAL_TIME_DATA,CML020_STATUS_POWER,T3801_CC71_PLC_35,CC71_CML020.Status.PowerSaveMode
OEE_L020_130,REAL_TIME_DATA,CML030_STATUS_POWER,T3801_CC71_PLC_35,CC71_CML030.Status.PowerSaveMode
OEE_L020_130,REAL_TIME_DATA,CML050_STATUS_POWER,T3801_CC71_PLC_35,CC71_CML050.Status.PowerSaveMode
OEE_L020_130,REAL_TIME_DATA,CML070_STATUS_POWER,T3801_CC71_PLC_35,CC71_CML070.Status.PowerSaveMode
OEE_L020_130,REAL_TIME_DATA,CML080_STATUS_POWER,T3801_CC71_PLC_35,CC71_CML080.Status.PowerSaveMode
OEE_L020_130,REAL_TIME_DATA,CML090_STATUS_POWER,T3801_CC71_PLC_35,CC71_CML090.Status.PowerSaveMode
OEE_L020_130,REAL_TIME_DATA,CML100_STATUS_POWER,T3801_CC71_PLC_35,CC71_CML100.Status.PowerSaveMode
OEE_L020_130,REAL_TIME_DATA,CML110_STATUS_POWER,T3801_CC71_PLC_35,CC71_CML110.Status.PowerSaveMode
OEE_L020_130,REAL_TIME_DATA,CML120_STATUS_POWER,T3801_CC71_PLC_35,CC71_CML120.Status.PowerSaveMode
OEE_L160,REAL_TIME_DATA,CML160_STATUS_RUN_FDBK,T3801_CC71_PLC_35,CC71_JBL160_I0_INPUTIO
OEE_L170_290,REAL_TIME_DATA,CML170_STATUS_RUN_FDBK,T3801_CC71_PLC_35,CC71_CML170.Status.RunningFdbk
OEE_L170_290,REAL_TIME_DATA,CML180_STATUS_RUN_FDBK,T3801_CC71_PLC_35,CC71_CML180.Status.RunningFdbk
OEE_L170_290,REAL_TIME_DATA,CML200_STATUS_RUN_FDBK,T3801_CC71_PLC_35,CC71_CML200.Status.RunningFdbk
OEE_L170_290,REAL_TIME_DATA,CML220_STATUS_RUN_FDBK,T3801_CC71_PLC_35,CC71_CML220.Status.RunningFdbk
OEE_L170_290,REAL_TIME_DATA,CML230_STATUS_RUN_FDBK,T3801_CC71_PLC_35,CC71_CML230.Status.RunningFdbk
OEE_L170_290,REAL_TIME_DATA,CML240_STATUS_RUN_FDBK,T3801_CC71_PLC_35,CC71_CML240.Status.RunningFdbk
OEE_L170_290,REAL_TIME_DATA,CML250_STATUS_RUN_FDBK,T3801_CC71_PLC_35,CC71_CML250.Status.RunningFdbk
OEE_L170_290,REAL_TIME_DATA,CML260_STATUS_RUN_FDBK,T3801_CC71_PLC_35,CC71_CML260.Status.RunningFdbk
OEE_L170_290,REAL_TIME_DATA,CML270_STATUS_RUN_FDBK,T3801_CC71_PLC_35,CC71_CML270.Status.RunningFdbk
OEE_L170_290,REAL_TIME_DATA,CML180_STATUS_ALARM_OVERLOAD,T3801_CC71_PLC_35,CC71_CML180.Alarm.Overload
OEE_L170_290,REAL_TIME_DATA,CML200_STATUS_ALARM_OVERLOAD,T3801_CC71_PLC_35,CC71_CML200.Alarm.Overload
OEE_L170_290,REAL_TIME_DATA,CML220_STATUS_ALARM_OVERLOAD,T3801_CC71_PLC_35,CC71_CML220.Alarm.Overload
OEE_L170_290,REAL_TIME_DATA,CML230_STATUS_ALARM_OVERLOAD,T3801_CC71_PLC_35,CC71_CML230.Alarm.Overload
OEE_L170_290,REAL_TIME_DATA,CML240_STATUS_ALARM_OVERLOAD,T3801_CC71_PLC_35,CC71_CML240.Alarm.Overload
OEE_L170_290,REAL_TIME_DATA,CML250_STATUS_ALARM_OVERLOAD,T3801_CC71_PLC_35,CC71_CML250.Alarm.Overload
OEE_L170_290,REAL_TIME_DATA,CML260_STATUS_ALARM_OVERLOAD,T3801_CC71_PLC_35,CC71_CML260.Alarm.Overload
OEE_L170_290,REAL_TIME_DATA,CML270_STATUS_ALARM_OVERLOAD,T3801_CC71_PLC_35,CC71_CML270.Alarm.Overload
OEE_L170_290,REAL_TIME_DATA,CML170_STATUS_ALARM_DISCONNET,T3801_CC71_PLC_35,CC71_CML170.Alarm.Disconnect
OEE_L170_290,REAL_TIME_DATA,CML180_STATUS_ALARM_DISCONNET,T3801_CC71_PLC_35,CC71_CML180.Alarm.Disconnect
OEE_L170_290,REAL_TIME_DATA,CML200_STATUS_ALARM_DISCONNET,T3801_CC71_PLC_35,CC71_CML200.Alarm.Disconnect
OEE_L170_290,REAL_TIME_DATA,CML220_STATUS_ALARM_DISCONNET,T3801_CC71_PLC_35,CC71_CML220.Alarm.Disconnect
OEE_L170_290,REAL_TIME_DATA,CML230_STATUS_ALARM_DISCONNET,T3801_CC71_PLC_35,CC71_CML230.Alarm.Disconnect
OEE_L170_290,REAL_TIME_DATA,CML240_STATUS_ALARM_DISCONNET,T3801_CC71_PLC_35,CC71_CML240.Alarm.Disconnect
OEE_L170_290,REAL_TIME_DATA,CML250_STATUS_ALARM_DISCONNET,T3801_CC71_PLC_35,CC71_CML250.Alarm.Disconnect
OEE_L170_290,REAL_TIME_DATA,CML260_STATUS_ALARM_DISCONNET,T3801_CC71_PLC_35,CC71_CML260.Alarm.Disconnect
OEE_L170_290,REAL_TIME_DATA,CML270_STATUS_ALARM_DISCONNET,T3801_CC71_PLC_35,CC71_CML270.Alarm.Disconnect
OEE_L170_290,REAL_TIME_DATA,CML170_STATUS_ALARM_RUN,T3801_CC71_PLC_35,CC71_CML170.Alarm.RunAlarm
OEE_L170_290,REAL_TIME_DATA,CML180_STATUS_ALARM_RUN,T3801_CC71_PLC_35,CC71_CML180.Alarm.RunAlarm
OEE_L170_290,REAL_TIME_DATA,CML200_STATUS_ALARM_RUN,T3801_CC71_PLC_35,CC71_CML200.Alarm.RunAlarm
OEE_L170_290,REAL_TIME_DATA,CML220_STATUS_ALARM_RUN,T3801_CC71_PLC_35,CC71_CML220.Alarm.RunAlarm
OEE_L170_290,REAL_TIME_DATA,CML230_STATUS_ALARM_RUN,T3801_CC71_PLC_35,CC71_CML230.Alarm.RunAlarm
OEE_L170_290,REAL_TIME_DATA,CML240_STATUS_ALARM_RUN,T3801_CC71_PLC_35,CC71_CML240.Alarm.RunAlarm
OEE_L170_290,REAL_TIME_DATA,CML250_STATUS_ALARM_RUN,T3801_CC71_PLC_35,CC71_CML250.Alarm.RunAlarm
OEE_L170_290,REAL_TIME_DATA,CML260_STATUS_ALARM_RUN,T3801_CC71_PLC_35,CC71_CML260.Alarm.RunAlarm
OEE_L170_290,REAL_TIME_DATA,CML270_STATUS_ALARM_RUN,T3801_CC71_PLC_35,CC71_CML270.Alarm.RunAlarm
OEE_L170_290,REAL_TIME_DATA,CML170_STATUS_ALARM_COMM,T3801_CC71_PLC_35,CC71_CML170.Alarm.CommAlm
OEE_L170_290,REAL_TIME_DATA,CML180_STATUS_ALARM_COMM,T3801_CC71_PLC_35,CC71_CML180.Alarm.CommAlm
OEE_L170_290,REAL_TIME_DATA,CML200_STATUS_ALARM_COMM,T3801_CC71_PLC_35,CC71_CML200.Alarm.CommAlm
OEE_L170_290,REAL_TIME_DATA,CML220_STATUS_ALARM_COMM,T3801_CC71_PLC_35,CC71_CML220.Alarm.CommAlm
OEE_L170_290,REAL_TIME_DATA,CML230_STATUS_ALARM_COMM,T3801_CC71_PLC_35,CC71_CML230.Alarm.CommAlm
OEE_L170_290,REAL_TIME_DATA,CML240_STATUS_ALARM_COMM,T3801_CC71_PLC_35,CC71_CML240.Alarm.CommAlm
OEE_L170_290,REAL_TIME_DATA,CML250_STATUS_ALARM_COMM,T3801_CC71_PLC_35,CC71_CML250.Alarm.CommAlm
OEE_L170_290,REAL_TIME_DATA,CML260_STATUS_ALARM_COMM,T3801_CC71_PLC_35,CC71_CML260.Alarm.CommAlm
OEE_L170_290,REAL_TIME_DATA,CML270_STATUS_ALARM_COMM,T3801_CC71_PLC_35,CC71_CML270.Alarm.CommAlm
OEE_L170_290,REAL_TIME_DATA,CML290_STATUS_ALARM_COMM,T3801_CC71_PLC_35,CC72_CML290.Alarm.CommAlm
OEE_L170_290,REAL_TIME_DATA,CML170_STATUS_SAFETY,T3801_CC71_PLC_35,CC71_CML170.Status.SafetyInterlock
OEE_L170_290,REAL_TIME_DATA,CML180_STATUS_SAFETY,T3801_CC71_PLC_35,CC71_CML180.Status.SafetyInterlock
OEE_L170_290,REAL_TIME_DATA,CML200_STATUS_SAFETY,T3801_CC71_PLC_35,CC71_CML200.Status.SafetyInterlock
OEE_L170_290,REAL_TIME_DATA,CML230_STATUS_SAFETY,T3801_CC71_PLC_35,CC71_CML230.Status.SafetyInterlock
OEE_L170_290,REAL_TIME_DATA,CML240_STATUS_SAFETY,T3801_CC71_PLC_35,CC71_CML240.Status.SafetyInterlock
OEE_L170_290,REAL_TIME_DATA,CML250_STATUS_SAFETY,T3801_CC71_PLC_35,CC71_CML250.Status.SafetyInterlock
OEE_L170_290,REAL_TIME_DATA,CML260_STATUS_SAFETY,T3801_CC71_PLC_35,CC71_CML260.Status.SafetyInterlock
OEE_L170_290,REAL_TIME_DATA,CML270_STATUS_SAFETY,T3801_CC71_PLC_35,CC71_CML270.Status.SafetyInterlock
OEE_L170_290,REAL_TIME_DATA,ITL270_STATUS_ALARM_IN,T3801_CC71_PLC_35,CC71_ITL270.Status.InAlarm
OEE_L170_290,REAL_TIME_DATA,PEL170A_STATUS_1MIN_FLOW,T3801_CC71_PLC_35,CC71_PEL170A.Status.OneMinuteFlow
OEE_L170_290,REAL_TIME_DATA,PEL170B_STATUS_1MIN_FLOW,T3801_CC71_PLC_35,CC71_PEL170B.Status.OneMinuteFlow
OEE_L170_290,REAL_TIME_DATA,PEL170R_STATUS_1MIN_FLOW,T3801_CC71_PLC_35,CC71_PEL170R.Status.OneMinuteFlow
OEE_L170_290,REAL_TIME_DATA,PEL180_STATUS_1MIN_FLOW,T3801_CC71_PLC_35,CC71_PEL180.Status.OneMinuteFlow
OEE_L170_290,REAL_TIME_DATA,PEL210_STATUS_1MIN_FLOW,T3801_CC71_PLC_35,CC71_PEL210.Status.OneMinuteFlow
OEE_L170_290,REAL_TIME_DATA,PEL220_STATUS_1MIN_FLOW,T3801_CC71_PLC_35,CC71_PEL220.Status.OneMinuteFlow
OEE_L170_290,REAL_TIME_DATA,PEL240_STATUS_1MIN_FLOW,T3801_CC71_PLC_35,CC71_PEL240.Status.OneMinuteFlow
OEE_L170_290,REAL_TIME_DATA,PEL250_STATUS_1MIN_FLOW,T3801_CC71_PLC_35,CC71_PEL250.Status.OneMinuteFlow
OEE_L170_290,REAL_TIME_DATA,PEL270_STATUS_1MIN_FLOW,T3801_CC71_PLC_35,CC71_PEL270.Status.OneMinuteFlow
OEE_L170_290,REAL_TIME_DATA,CML180_STATUS_CONVEYOR,T3801_CC71_PLC_35,CC71_CML180.Status.ConveyorFull
OEE_L170_290,REAL_TIME_DATA,CML200_STATUS_CONVEYOR,T3801_CC71_PLC_35,CC71_CML200.Status.ConveyorFull
OEE_L170_290,REAL_TIME_DATA,CML220_STATUS_CONVEYOR,T3801_CC71_PLC_35,CC71_CML220.Status.ConveyorFull
OEE_L170_290,REAL_TIME_DATA,CML230_STATUS_CONVEYOR,T3801_CC71_PLC_35,CC71_CML230.Status.ConveyorFull
OEE_L170_290,REAL_TIME_DATA,CML240_STATUS_CONVEYOR,T3801_CC71_PLC_35,CC71_CML240.Status.ConveyorFull
OEE_L170_290,REAL_TIME_DATA,CML250_STATUS_CONVEYOR,T3801_CC71_PLC_35,CC71_CML250.Status.ConveyorFull
OEE_L170_290,REAL_TIME_DATA,CML260_STATUS_CONVEYOR,T3801_CC71_PLC_35,CC71_CML260.Status.ConveyorFull
OEE_L170_290,REAL_TIME_DATA,CML270_STATUS_CONVEYOR,T3801_CC71_PLC_35,CC71_CML270.Status.ConveyorFull
OEE_L170_290,REAL_TIME_DATA,PEL170A_STATUS_ALARM_JAM,T3801_CC71_PLC_35,CC71_PEL170A.Alarm.JamAlarm
OEE_L170_290,REAL_TIME_DATA,PEL170B_STATUS_ALARM_JAM,T3801_CC71_PLC_35,CC71_PEL170B.Alarm.JamAlarm
OEE_L170_290,REAL_TIME_DATA,PEL170R_STATUS_ALARM_JAM,T3801_CC71_PLC_35,CC71_PEL170R.Alarm.JamAlarm
OEE_L170_290,REAL_TIME_DATA,PEL180_STATUS_ALARM_JAM,T3801_CC71_PLC_35,CC71_PEL180.Alarm.JamAlarm
OEE_L170_290,REAL_TIME_DATA,PEL210_STATUS_ALARM_JAM,T3801_CC71_PLC_35,CC71_PEL210.Alarm.JamAlarm
OEE_L170_290,REAL_TIME_DATA,PEL220_STATUS_ALARM_JAM,T3801_CC71_PLC_35,CC71_PEL220.Alarm.JamAlarm
OEE_L170_290,REAL_TIME_DATA,PEL240_STATUS_ALARM_JAM,T3801_CC71_PLC_35,CC71_PEL240.Alarm.JamAlarm
OEE_L170_290,REAL_TIME_DATA,PEL250_STATUS_ALARM_JAM,T3801_CC71_PLC_35,CC71_PEL250.Alarm.JamAlarm
OEE_L170_290,REAL_TIME_DATA,PEL270_STATUS_ALARM_JAM,T3801_CC71_PLC_35,CC71_PEL270.Alarm.JamAlarm
OEE_L170_290,REAL_TIME_DATA,CML170_STATUS_POWER,T3801_CC71_PLC_35,CC71_CML170.Status.PowerSaveMode
OEE_L170_290,REAL_TIME_DATA,CML180_STATUS_POWER,T3801_CC71_PLC_35,CC71_CML180.Status.PowerSaveMode
OEE_L170_290,REAL_TIME_DATA,CML200_STATUS_POWER,T3801_CC71_PLC_35,CC71_CML200.Status.PowerSaveMode
OEE_L170_290,REAL_TIME_DATA,CML220_STATUS_POWER,T3801_CC71_PLC_35,CC71_CML220.Status.PowerSaveMode
OEE_L170_290,REAL_TIME_DATA,CML230_STATUS_POWER,T3801_CC71_PLC_35,CC71_CML230.Status.PowerSaveMode
OEE_L170_290,REAL_TIME_DATA,CML240_STATUS_POWER,T3801_CC71_PLC_35,CC71_CML240.Status.PowerSaveMode
OEE_L170_290,REAL_TIME_DATA,CML250_STATUS_POWER,T3801_CC71_PLC_35,CC71_CML250.Status.PowerSaveMode
OEE_L170_290,REAL_TIME_DATA,CML260_STATUS_POWER,T3801_CC71_PLC_35,CC71_CML260.Status.PowerSaveMode
OEE_L170_290,REAL_TIME_DATA,CML270_STATUS_POWER,T3801_CC71_PLC_35,CC71_CML270.Status.PowerSaveMode
OEE_L410,REAL_TIME_DATA,CML410_STATUS_RUN_FDBK,T3801_CC71_PLC_35,CC71_JBL410_I0_INPUTIO
OEE_L420_530,REAL_TIME_DATA,CML420_STATUS_RUN_FDBK,T3801_CC71_PLC_35,CC71_CML420.Status.RunningFdbk
OEE_L420_530,REAL_TIME_DATA,CML430_STATUS_RUN_FDBK,T3801_CC71_PLC_35,CC71_CML430.Status.RunningFdbk
OEE_L420_530,REAL_TIME_DATA,CML450_STATUS_RUN_FDBK,T3801_CC71_PLC_35,CC71_CML450.Status.RunningFdbk
OEE_L420_530,REAL_TIME_DATA,CML470_STATUS_RUN_FDBK,T3801_CC71_PLC_35,CC71_CML470.Status.RunningFdbk
OEE_L420_530,REAL_TIME_DATA,CML480_STATUS_RUN_FDBK,T3801_CC71_PLC_35,CC71_CML480.Status.RunningFdbk
OEE_L420_530,REAL_TIME_DATA,CML490_STATUS_RUN_FDBK,T3801_CC71_PLC_35,CC71_CML490.Status.RunningFdbk
OEE_L420_530,REAL_TIME_DATA,CML500_STATUS_RUN_FDBK,T3801_CC71_PLC_35,CC71_CML500.Status.RunningFdbk
OEE_L420_530,REAL_TIME_DATA,CML510_STATUS_RUN_FDBK,T3801_CC71_PLC_35,CC71_CML510.Status.RunningFdbk
OEE_L420_530,REAL_TIME_DATA,CML420_STATUS_ALARM_OVERLOAD,T3801_CC71_PLC_35,CC71_CML420.Alarm.Overload
OEE_L420_530,REAL_TIME_DATA,CML430_STATUS_ALARM_OVERLOAD,T3801_CC71_PLC_35,CC71_CML430.Alarm.Overload
OEE_L420_530,REAL_TIME_DATA,CML450_STATUS_ALARM_OVERLOAD,T3801_CC71_PLC_35,CC71_CML450.Alarm.Overload
OEE_L420_530,REAL_TIME_DATA,CML470_STATUS_ALARM_OVERLOAD,T3801_CC71_PLC_35,CC71_CML470.Alarm.Overload
OEE_L420_530,REAL_TIME_DATA,CML480_STATUS_ALARM_OVERLOAD,T3801_CC71_PLC_35,CC71_CML480.Alarm.Overload
OEE_L420_530,REAL_TIME_DATA,CML490_STATUS_ALARM_OVERLOAD,T3801_CC71_PLC_35,CC71_CML490.Alarm.Overload
OEE_L420_530,REAL_TIME_DATA,CML500_STATUS_ALARM_OVERLOAD,T3801_CC71_PLC_35,CC71_CML500.Alarm.Overload
OEE_L420_530,REAL_TIME_DATA,CML510_STATUS_ALARM_OVERLOAD,T3801_CC71_PLC_35,CC71_CML510.Alarm.Overload
OEE_L420_530,REAL_TIME_DATA,CML420_STATUS_ALARM_DISCONNET,T3801_CC71_PLC_35,CC71_CML420.Alarm.Disconnect
OEE_L420_530,REAL_TIME_DATA,CML430_STATUS_ALARM_DISCONNET,T3801_CC71_PLC_35,CC71_CML430.Alarm.Disconnect
OEE_L420_530,REAL_TIME_DATA,CML450_STATUS_ALARM_DISCONNET,T3801_CC71_PLC_35,CC71_CML450.Alarm.Disconnect
OEE_L420_530,REAL_TIME_DATA,CML470_STATUS_ALARM_DISCONNET,T3801_CC71_PLC_35,CC71_CML470.Alarm.Disconnect
OEE_L420_530,REAL_TIME_DATA,CML480_STATUS_ALARM_DISCONNET,T3801_CC71_PLC_35,CC71_CML480.Alarm.Disconnect
OEE_L420_530,REAL_TIME_DATA,CML490_STATUS_ALARM_DISCONNET,T3801_CC71_PLC_35,CC71_CML490.Alarm.Disconnect
OEE_L420_530,REAL_TIME_DATA,CML500_STATUS_ALARM_DISCONNET,T3801_CC71_PLC_35,CC71_CML500.Alarm.Disconnect
OEE_L420_530,REAL_TIME_DATA,CML510_STATUS_ALARM_DISCONNET,T3801_CC71_PLC_35,CC71_CML510.Alarm.Disconnect
OEE_L420_530,REAL_TIME_DATA,CML420_STATUS_ALARM_RUN,T3801_CC71_PLC_35,CC71_CML420.Alarm.RunAlarm
OEE_L420_530,REAL_TIME_DATA,CML430_STATUS_ALARM_RUN,T3801_CC71_PLC_35,CC71_CML430.Alarm.RunAlarm
OEE_L420_530,REAL_TIME_DATA,CML450_STATUS_ALARM_RUN,T3801_CC71_PLC_35,CC71_CML450.Alarm.RunAlarm
OEE_L420_530,REAL_TIME_DATA,CML470_STATUS_ALARM_RUN,T3801_CC71_PLC_35,CC71_CML470.Alarm.RunAlarm
OEE_L420_530,REAL_TIME_DATA,CML480_STATUS_ALARM_RUN,T3801_CC71_PLC_35,CC71_CML480.Alarm.RunAlarm
OEE_L420_530,REAL_TIME_DATA,CML490_STATUS_ALARM_RUN,T3801_CC71_PLC_35,CC71_CML490.Alarm.RunAlarm
OEE_L420_530,REAL_TIME_DATA,CML500_STATUS_ALARM_RUN,T3801_CC71_PLC_35,CC71_CML500.Alarm.RunAlarm
OEE_L420_530,REAL_TIME_DATA,CML510_STATUS_ALARM_RUN,T3801_CC71_PLC_35,CC71_CML510.Alarm.RunAlarm
OEE_L420_530,REAL_TIME_DATA,CML420_STATUS_ALARM_COMM,T3801_CC71_PLC_35,CC71_CML420.Alarm.CommAlm
OEE_L420_530,REAL_TIME_DATA,CML430_STATUS_ALARM_COMM,T3801_CC71_PLC_35,CC71_CML430.Alarm.CommAlm
OEE_L420_530,REAL_TIME_DATA,CML450_STATUS_ALARM_COMM,T3801_CC71_PLC_35,CC71_CML450.Alarm.CommAlm
OEE_L420_530,REAL_TIME_DATA,CML470_STATUS_ALARM_COMM,T3801_CC71_PLC_35,CC71_CML470.Alarm.CommAlm
OEE_L420_530,REAL_TIME_DATA,CML480_STATUS_ALARM_COMM,T3801_CC71_PLC_35,CC71_CML480.Alarm.CommAlm
OEE_L420_530,REAL_TIME_DATA,CML490_STATUS_ALARM_COMM,T3801_CC71_PLC_35,CC71_CML490.Alarm.CommAlm
OEE_L420_530,REAL_TIME_DATA,CML500_STATUS_ALARM_COMM,T3801_CC71_PLC_35,CC71_CML500.Alarm.CommAlm
OEE_L420_530,REAL_TIME_DATA,CML510_STATUS_ALARM_COMM,T3801_CC71_PLC_35,CC71_CML510.Alarm.CommAlm
OEE_L420_530,REAL_TIME_DATA,CML420_STATUS_SAFETY,T3801_CC71_PLC_35,CC71_CML420.Status.SafetyInterlock
OEE_L420_530,REAL_TIME_DATA,CML430_STATUS_SAFETY,T3801_CC71_PLC_35,CC71_CML430.Status.SafetyInterlock
OEE_L420_530,REAL_TIME_DATA,CML450_STATUS_SAFETY,T3801_CC71_PLC_35,CC71_CML450.Status.SafetyInterlock
OEE_L420_530,REAL_TIME_DATA,CML470_STATUS_SAFETY,T3801_CC71_PLC_35,CC71_CML470.Status.SafetyInterlock
OEE_L420_530,REAL_TIME_DATA,CML480_STATUS_SAFETY,T3801_CC71_PLC_35,CC71_CML480.Status.SafetyInterlock
OEE_L420_530,REAL_TIME_DATA,CML490_STATUS_SAFETY,T3801_CC71_PLC_35,CC71_CML490.Status.SafetyInterlock
OEE_L420_530,REAL_TIME_DATA,CML500_STATUS_SAFETY,T3801_CC71_PLC_35,CC71_CML500.Status.SafetyInterlock
OEE_L420_530,REAL_TIME_DATA,CML510_STATUS_SAFETY,T3801_CC71_PLC_35,CC71_CML510.Status.SafetyInterlock
OEE_L420_530,REAL_TIME_DATA,ITL430_STATUS_ALARM_IN,T3801_CC71_PLC_35,CC71_ITL430.Status.InAlarm
OEE_L420_530,REAL_TIME_DATA,ITL490_STATUS_ALARM_IN,T3801_CC71_PLC_35,CC71_ITL490.Status.InAlarm
OEE_L420_530,REAL_TIME_DATA,ITL500_STATUS_ALARM_IN,T3801_CC71_PLC_35,CC71_ITL500.Status.InAlarm
OEE_L420_530,REAL_TIME_DATA,PEL420A_STATUS_1MIN_FLOW,T3801_CC71_PLC_35,CC71_PEL420A.Status.OneMinuteFlow
OEE_L420_530,REAL_TIME_DATA,PEL420B_STATUS_1MIN_FLOW,T3801_CC71_PLC_35,CC71_PEL420B.Status.OneMinuteFlow
OEE_L420_530,REAL_TIME_DATA,PEL420R_STATUS_1MIN_FLOW,T3801_CC71_PLC_35,CC71_PEL420R.Status.OneMinuteFlow
OEE_L420_530,REAL_TIME_DATA,PEL430_STATUS_1MIN_FLOW,T3801_CC71_PLC_35,CC71_PEL430.Status.OneMinuteFlow
OEE_L420_530,REAL_TIME_DATA,PEL460_STATUS_1MIN_FLOW,T3801_CC71_PLC_35,CC71_PEL460.Status.OneMinuteFlow
OEE_L420_530,REAL_TIME_DATA,PEL470_STATUS_1MIN_FLOW,T3801_CC71_PLC_35,CC71_PEL470.Status.OneMinuteFlow
OEE_L420_530,REAL_TIME_DATA,PEL490_STATUS_1MIN_FLOW,T3801_CC71_PLC_35,CC71_PEL490.Status.OneMinuteFlow
OEE_L420_530,REAL_TIME_DATA,PEL500_STATUS_1MIN_FLOW,T3801_CC71_PLC_35,CC71_PEL500.Status.OneMinuteFlow
OEE_L420_530,REAL_TIME_DATA,CML420_STATUS_CONVEYOR,T3801_CC71_PLC_35,CC71_CML420.Status.ConveyorFull
OEE_L420_530,REAL_TIME_DATA,CML430_STATUS_CONVEYOR,T3801_CC71_PLC_35,CC71_CML430.Status.ConveyorFull
OEE_L420_530,REAL_TIME_DATA,CML450_STATUS_CONVEYOR,T3801_CC71_PLC_35,CC71_CML450.Status.ConveyorFull
OEE_L420_530,REAL_TIME_DATA,CML470_STATUS_CONVEYOR,T3801_CC71_PLC_35,CC71_CML470.Status.ConveyorFull
OEE_L420_530,REAL_TIME_DATA,CML480_STATUS_CONVEYOR,T3801_CC71_PLC_35,CC71_CML480.Status.ConveyorFull
OEE_L420_530,REAL_TIME_DATA,CML490_STATUS_CONVEYOR,T3801_CC71_PLC_35,CC71_CML490.Status.ConveyorFull
OEE_L420_530,REAL_TIME_DATA,CML500_STATUS_CONVEYOR,T3801_CC71_PLC_35,CC71_CML500.Status.ConveyorFull
OEE_L420_530,REAL_TIME_DATA,CML510_STATUS_CONVEYOR,T3801_CC71_PLC_35,CC71_CML510.Status.ConveyorFull
OEE_L420_530,REAL_TIME_DATA,PEL420A_STATUS_ALARM_JAM,T3801_CC71_PLC_35,CC71_PEL420A.Alarm.JamAlarm
OEE_L420_530,REAL_TIME_DATA,PEL420B_STATUS_ALARM_JAM,T3801_CC71_PLC_35,CC71_PEL420B.Alarm.JamAlarm
OEE_L420_530,REAL_TIME_DATA,PEL420R_STATUS_ALARM_JAM,T3801_CC71_PLC_35,CC71_PEL420R.Alarm.JamAlarm
OEE_L420_530,REAL_TIME_DATA,PEL430_STATUS_ALARM_JAM,T3801_CC71_PLC_35,CC71_PEL430.Alarm.JamAlarm
OEE_L420_530,REAL_TIME_DATA,PEL460_STATUS_ALARM_JAM,T3801_CC71_PLC_35,CC71_PEL460.Alarm.JamAlarm
OEE_L420_530,REAL_TIME_DATA,PEL470_STATUS_ALARM_JAM,T3801_CC71_PLC_35,CC71_PEL470.Alarm.JamAlarm
OEE_L420_530,REAL_TIME_DATA,PEL490_STATUS_ALARM_JAM,T3801_CC71_PLC_35,CC71_PEL490.Alarm.JamAlarm
OEE_L420_530,REAL_TIME_DATA,PEL500_STATUS_ALARM_JAM,T3801_CC71_PLC_35,CC71_PEL500.Alarm.JamAlarm
OEE_L420_530,REAL_TIME_DATA,CML420_STATUS_POWER,T3801_CC71_PLC_35,CC71_CML420.Status.PowerSaveMode
OEE_L420_530,REAL_TIME_DATA,CML430_STATUS_POWER,T3801_CC71_PLC_35,CC71_CML430.Status.PowerSaveMode
OEE_L420_530,REAL_TIME_DATA,CML450_STATUS_POWER,T3801_CC71_PLC_35,CC71_CML450.Status.PowerSaveMode
OEE_L420_530,REAL_TIME_DATA,CML470_STATUS_POWER,T3801_CC71_PLC_35,CC71_CML470.Status.PowerSaveMode
OEE_L420_530,REAL_TIME_DATA,CML480_STATUS_POWER,T3801_CC71_PLC_35,CC71_CML480.Status.PowerSaveMode
OEE_L420_530,REAL_TIME_DATA,CML490_STATUS_POWER,T3801_CC71_PLC_35,CC71_CML490.Status.PowerSaveMode
OEE_L420_530,REAL_TIME_DATA,CML500_STATUS_POWER,T3801_CC71_PLC_35,CC71_CML500.Status.PowerSaveMode
OEE_L420_530,REAL_TIME_DATA,CML510_STATUS_POWER,T3801_CC71_PLC_35,CC71_CML510.Status.PowerSaveMode
OEE_L570_690,REAL_TIME_DATA,CML690_STATUS_RUN_FDBK,T3801_CC72_PLC_33,CC72_CML690.Status.RunningFdbk
OEE_L570_690,REAL_TIME_DATA,CML690_STATUS_ALARM_OVERLOAD,T3801_CC72_PLC_33,CC72_CML690.Alarm.Overload
OEE_L570_690,REAL_TIME_DATA,CML690_STATUS_ALARM_DISCONNET,T3801_CC72_PLC_33,CC72_CML690.Alarm.Disconnect
OEE_L570_690,REAL_TIME_DATA,CML690_STATUS_ALARM_RUN,T3801_CC72_PLC_33,CC72_CML690.Alarm.RunAlarm
OEE_L570_690,REAL_TIME_DATA,CML690_STATUS_ALARM_COMM,T3801_CC72_PLC_33,CC72_CML690.Alarm.CommAlm
OEE_L570_690,REAL_TIME_DATA,CML690_STATUS_SAFETY,T3801_CC72_PLC_33,CC72_CML690.Status.SafetyInterlock
OEE_L570_690,REAL_TIME_DATA,ITL680_STATUS_ALARM_IN,T3801_CC72_PLC_33,CC72_ITL680.Status.InAlarm
OEE_L570_690,REAL_TIME_DATA,PEL680B_STATUS_1MIN_FLOW,T3801_CC72_PLC_33,CC72_PEL680B.Status.OneMinuteFlow
OEE_L570_690,REAL_TIME_DATA,PEL690_STATUS_1MIN_FLOW,T3801_CC72_PLC_33,CC72_PEL690.Status.OneMinuteFlow
OEE_L570_690,REAL_TIME_DATA,PEL570_STATUS_CURR_SHIFT_COUNT,T3801_CC72_PLC_33,CC72_PEL570.Status.CurrentShiftCount
OEE_L570_690,REAL_TIME_DATA,PEL580_STATUS_CURR_SHIFT_COUNT,T3801_CC72_PLC_33,CC72_PEL580.Status.CurrentShiftCount
OEE_L570_690,REAL_TIME_DATA,PEL610_STATUS_CURR_SHIFT_COUNT,T3801_CC72_PLC_33,CC72_PEL610.Status.CurrentShiftCount
OEE_L570_690,REAL_TIME_DATA,PEL620_STATUS_CURR_SHIFT_COUNT,T3801_CC72_PLC_33,CC72_PEL620.Status.CurrentShiftCount
OEE_L570_690,REAL_TIME_DATA,PEL640_STATUS_CURR_SHIFT_COUNT,T3801_CC72_PLC_33,CC72_PEL640.Status.CurrentShiftCount
OEE_L570_690,REAL_TIME_DATA,PEL650_STATUS_CURR_SHIFT_COUNT,T3801_CC72_PLC_33,CC72_PEL650.Status.CurrentShiftCount
OEE_L570_690,REAL_TIME_DATA,PEL680B_STATUS_CURR_SHIFT_COUNT,T3801_CC72_PLC_33,CC72_PEL680B.Status.CurrentShiftCount
OEE_L570_690,REAL_TIME_DATA,PEL690_STATUS_CURR_SHIFT_COUNT,T3801_CC72_PLC_33,CC72_PEL690.Status.CurrentShiftCount
OEE_L570_690,REAL_TIME_DATA,CML690_STATUS_CONVEYOR,T3801_CC72_PLC_33,CC72_CML690.Status.ConveyorFull
OEE_L570_690,REAL_TIME_DATA,PEL680B_STATUS_ALARM_JAM,T3801_CC72_PLC_33,CC72_PEL680B.Alarm.JamAlarm
OEE_L570_690,REAL_TIME_DATA,PEL690_STATUS_ALARM_JAM,T3801_CC72_PLC_33,CC72_PEL690.Alarm.JamAlarm
OEE_L570_690,REAL_TIME_DATA,CML690_STATUS_POWER,T3801_CC72_PLC_33,CC72_CML690.Status.PowerSaveMode
OEE_L710,REAL_TIME_DATA,CML710_STATUS_RUN_FDBK,T3801_CC72_PLC_33,CC72_CML710.Status.RunningFdbk
OEE_L710,REAL_TIME_DATA,CML710_STATUS_ALARM_OVERLOAD,T3801_CC72_PLC_33,CC72_CML710.Alarm.Overload
OEE_L710,REAL_TIME_DATA,CML710_STATUS_ALARM_DISCONNET,T3801_CC72_PLC_33,CC72_CML710.Alarm.Disconnect
OEE_L710,REAL_TIME_DATA,CML710_STATUS_ALARM_RUN,T3801_CC72_PLC_33,CC72_CML710.Alarm.RunAlarm
OEE_L710,REAL_TIME_DATA,CML710_STATUS_ALARM_COMM,T3801_CC72_PLC_33,CC72_CML710.Alarm.CommAlm
OEE_L710,REAL_TIME_DATA,CML710_STATUS_SAFETY,T3801_CC72_PLC_33,CC72_CML710.Status.SafetyInterlock
OEE_L710,REAL_TIME_DATA,PEL710_STATUS_1MIN_FLOW,T3801_CC72_PLC_33,CC72_PEL710R.Status.OneMinuteFlow
OEE_L710,REAL_TIME_DATA,PEL710_STATUS_CURR_SHIFT_COUNT,T3801_CC72_PLC_33,CC72_PEL710.Status.CurrentShiftCount
OEE_L710,REAL_TIME_DATA,CML710_STATUS_CONVEYOR,T3801_CC72_PLC_33,CC72_CML710.Status.ConveyorFull
OEE_L710,REAL_TIME_DATA,PEL710_STATUS_ALARM_JAM,T3801_CC72_PLC_33,CC72_PEL710R.Alarm.JamAlarm
OEE_L710,REAL_TIME_DATA,CML710_STATUS_POWER,T3801_CC72_PLC_33,CC72_CML710.Status.PowerSaveMode
OEE_L720_770,REAL_TIME_DATA,CML720_STATUS_RUN_FDBK,T3801_CC72_PLC_33,CC72_CML720.Status.RunningFdbk
OEE_L720_770,REAL_TIME_DATA,CML730_STATUS_RUN_FDBK,T3801_CC72_PLC_33,CC72_CML730.Status.RunningFdbk
OEE_L720_770,REAL_TIME_DATA,CML740_STATUS_RUN_FDBK,T3801_CC72_PLC_33,CC72_CML740.Status.RunningFdbk
OEE_L720_770,REAL_TIME_DATA,CML750_STATUS_RUN_FDBK,T3801_CC72_PLC_33,CC72_CML750.Status.RunningFdbk
OEE_L720_770,REAL_TIME_DATA,CML760_STATUS_RUN_FDBK,T3801_CC72_PLC_33,CC72_CML760.Status.RunningFdbk
OEE_L720_770,REAL_TIME_DATA,CML720_STATUS_ALARM_OVERLOAD,T3801_CC72_PLC_33,CC72_CML720.Alarm.Overload
OEE_L720_770,REAL_TIME_DATA,CML730_STATUS_ALARM_OVERLOAD,T3801_CC72_PLC_33,CC72_CML730.Alarm.Overload
OEE_L720_770,REAL_TIME_DATA,CML740_STATUS_ALARM_OVERLOAD,T3801_CC72_PLC_33,CC72_CML740.Alarm.Overload
OEE_L720_770,REAL_TIME_DATA,CML750_STATUS_ALARM_OVERLOAD,T3801_CC72_PLC_33,CC72_CML750.Alarm.Overload
OEE_L720_770,REAL_TIME_DATA,CML760_STATUS_ALARM_OVERLOAD,T3801_CC72_PLC_33,CC72_CML760.Alarm.Overload
OEE_L720_770,REAL_TIME_DATA,CML720_STATUS_ALARM_DISCONNET,T3801_CC72_PLC_33,CC72_CML720.Alarm.Disconnect
OEE_L720_770,REAL_TIME_DATA,CML730_STATUS_ALARM_DISCONNET,T3801_CC72_PLC_33,CC72_CML730.Alarm.Disconnect
OEE_L720_770,REAL_TIME_DATA,CML740_STATUS_ALARM_DISCONNET,T3801_CC72_PLC_33,CC72_CML740.Alarm.Disconnect
OEE_L720_770,REAL_TIME_DATA,CML750_STATUS_ALARM_DISCONNET,T3801_CC72_PLC_33,CC72_CML750.Alarm.Disconnect
OEE_L720_770,REAL_TIME_DATA,CML760_STATUS_ALARM_DISCONNET,T3801_CC72_PLC_33,CC72_CML760.Alarm.Disconnect
OEE_L720_770,REAL_TIME_DATA,CML720_STATUS_ALARM_RUN,T3801_CC72_PLC_33,CC72_CML720.Alarm.RunAlarm
OEE_L720_770,REAL_TIME_DATA,CML730_STATUS_ALARM_RUN,T3801_CC72_PLC_33,CC72_CML730.Alarm.RunAlarm
OEE_L720_770,REAL_TIME_DATA,CML740_STATUS_ALARM_RUN,T3801_CC72_PLC_33,CC72_CML740.Alarm.RunAlarm
OEE_L720_770,REAL_TIME_DATA,CML750_STATUS_ALARM_RUN,T3801_CC72_PLC_33,CC72_CML750.Alarm.RunAlarm
OEE_L720_770,REAL_TIME_DATA,CML760_STATUS_ALARM_RUN,T3801_CC72_PLC_33,CC72_CML760.Alarm.RunAlarm
OEE_L720_770,REAL_TIME_DATA,CML720_STATUS_ALARM_COMM,T3801_CC72_PLC_33,CC72_CML720.Alarm.CommAlm
OEE_L720_770,REAL_TIME_DATA,CML730_STATUS_ALARM_COMM,T3801_CC72_PLC_33,CC72_CML730.Alarm.CommAlm
OEE_L720_770,REAL_TIME_DATA,CML740_STATUS_ALARM_COMM,T3801_CC72_PLC_33,CC72_CML740.Alarm.CommAlm
OEE_L720_770,REAL_TIME_DATA,CML750_STATUS_ALARM_COMM,T3801_CC72_PLC_33,CC72_CML750.Alarm.CommAlm
OEE_L720_770,REAL_TIME_DATA,CML760_STATUS_ALARM_COMM,T3801_CC72_PLC_33,CC72_CML760.Alarm.CommAlm
OEE_L720_770,REAL_TIME_DATA,CML720_STATUS_SAFETY,T3801_CC72_PLC_33,CC72_CML720.Status.SafetyInterlock
OEE_L720_770,REAL_TIME_DATA,CML730_STATUS_SAFETY,T3801_CC72_PLC_33,CC72_CML730.Status.SafetyInterlock
OEE_L720_770,REAL_TIME_DATA,CML740_STATUS_SAFETY,T3801_CC72_PLC_33,CC72_CML740.Status.SafetyInterlock
OEE_L720_770,REAL_TIME_DATA,CML750_STATUS_SAFETY,T3801_CC72_PLC_33,CC72_CML750.Status.SafetyInterlock
OEE_L720_770,REAL_TIME_DATA,CML760_STATUS_SAFETY,T3801_CC72_PLC_33,CC72_CML760.Status.SafetyInterlock
OEE_L720_770,REAL_TIME_DATA,PXL730_STATUS_ALARM_AGLR,T3801_CC72_PLC_33,CC72_PXL730.Alarm.AGLRAlarm
OEE_L720_770,REAL_TIME_DATA,PXL760_STATUS_ALARM_AGLR,T3801_CC72_PLC_33,CC72_PXL760.Alarm.AGLRAlarm
OEE_L720_770,REAL_TIME_DATA,ITL730_STATUS_ALARM_IN,T3801_CC72_PLC_33,CC72_ITL730.Status.InAlarm
OEE_L720_770,REAL_TIME_DATA,ITL760_STATUS_ALARM_IN,T3801_CC72_PLC_33,CC72_ITL760.Status.InAlarm
OEE_L720_770,REAL_TIME_DATA,PEL730_STATUS_1MIN_FLOW,T3801_CC72_PLC_33,CC72_PEL730.Status.OneMinuteFlow
OEE_L720_770,REAL_TIME_DATA,PEL760_STATUS_1MIN_FLOW,T3801_CC72_PLC_33,CC72_PEL760.Status.OneMinuteFlow
OEE_L720_770,REAL_TIME_DATA,PEL770A_STATUS_1MIN_FLOW,T3801_CC72_PLC_33,CC72_PEL770A.Status.OneMinuteFlow
OEE_L720_770,REAL_TIME_DATA,PEL770B_STATUS_1MIN_FLOW,T3801_CC72_PLC_33,CC72_PEL770B.Status.OneMinuteFlow
OEE_L720_770,REAL_TIME_DATA,PEL730_STATUS_CURR_SHIFT_COUNT,T3801_CC72_PLC_33,CC72_PEL730.Status.CurrentShiftCount
OEE_L720_770,REAL_TIME_DATA,PEL760_STATUS_CURR_SHIFT_COUNT,T3801_CC72_PLC_33,CC72_PEL760.Status.CurrentShiftCount
OEE_L720_770,REAL_TIME_DATA,PEL770A_STATUS_CURR_SHIFT_COUNT,T3801_CC72_PLC_33,CC72_PEL770A.Status.CurrentShiftCount
OEE_L720_770,REAL_TIME_DATA,PEL770B_STATUS_CURR_SHIFT_COUNT,T3801_CC72_PLC_33,CC72_PEL770B.Status.CurrentShiftCount
OEE_L720_770,REAL_TIME_DATA,CML720_STATUS_CONVEYOR,T3801_CC72_PLC_33,CC72_CML720.Status.ConveyorFull
OEE_L720_770,REAL_TIME_DATA,CML730_STATUS_CONVEYOR,T3801_CC72_PLC_33,CC72_CML730.Status.ConveyorFull
OEE_L720_770,REAL_TIME_DATA,CML740_STATUS_CONVEYOR,T3801_CC72_PLC_33,CC72_CML740.Status.ConveyorFull
OEE_L720_770,REAL_TIME_DATA,CML750_STATUS_CONVEYOR,T3801_CC72_PLC_33,CC72_CML750.Status.ConveyorFull
OEE_L720_770,REAL_TIME_DATA,CML760_STATUS_CONVEYOR,T3801_CC72_PLC_33,CC72_CML760.Status.ConveyorFull
OEE_L720_770,REAL_TIME_DATA,PEL730_STATUS_ALARM_JAM,T3801_CC72_PLC_33,CC72_PEL730.Alarm.JamAlarm
OEE_L720_770,REAL_TIME_DATA,PEL760_STATUS_ALARM_JAM,T3801_CC72_PLC_33,CC72_PEL760.Alarm.JamAlarm
OEE_L720_770,REAL_TIME_DATA,PEL770A_STATUS_ALARM_JAM,T3801_CC72_PLC_33,CC72_PEL770A.Alarm.JamAlarm
OEE_L720_770,REAL_TIME_DATA,PEL770B_STATUS_ALARM_JAM,T3801_CC72_PLC_33,CC72_PEL770B.Alarm.JamAlarm
OEE_L720_770,REAL_TIME_DATA,CML720_STATUS_POWER,T3801_CC72_PLC_33,CC72_CML720.Status.PowerSaveMode
OEE_L720_770,REAL_TIME_DATA,CML730_STATUS_POWER,T3801_CC72_PLC_33,CC72_CML730.Status.PowerSaveMode
OEE_L720_770,REAL_TIME_DATA,CML740_STATUS_POWER,T3801_CC72_PLC_33,CC72_CML740.Status.PowerSaveMode
OEE_L720_770,REAL_TIME_DATA,CML750_STATUS_POWER,T3801_CC72_PLC_33,CC72_CML750.Status.PowerSaveMode
OEE_L720_770,REAL_TIME_DATA,CML760_STATUS_POWER,T3801_CC72_PLC_33,CC72_CML760.Status.PowerSaveMode
OEE_L780,REAL_TIME_DATA,CML780_STATUS_RUN_FDBK,T3801_CC72_PLC_33,CC72_CML780.Status.RunningFdbk
OEE_L780,REAL_TIME_DATA,CML780_STATUS_ALARM_OVERLOAD,T3801_CC72_PLC_33,CC72_CML780.Alarm.Overload
OEE_L780,REAL_TIME_DATA,CML780_STATUS_ALARM_DISCONNET,T3801_CC72_PLC_33,CC72_CML780.Alarm.Disconnect
OEE_L780,REAL_TIME_DATA,CML780_STATUS_ALARM_RUN,T3801_CC72_PLC_33,CC72_CML780.Alarm.RunAlarm
OEE_L780,REAL_TIME_DATA,CML780_STATUS_ALARM_COMM,T3801_CC72_PLC_33,CC72_CML780.Alarm.CommAlm
OEE_L780,REAL_TIME_DATA,CML780_STATUS_SAFETY,T3801_CC72_PLC_33,CC72_CML780.Status.SafetyInterlock
OEE_L780,REAL_TIME_DATA,PEL780_STATUS_1MIN_FLOW,T3801_CC72_PLC_33,CC72_PEL780R.Status.OneMinuteFlow
OEE_L780,REAL_TIME_DATA,PEL780_STATUS_CURR_SHIFT_COUNT,T3801_CC72_PLC_33,CC72_PEL780.Status.CurrentShiftCount
OEE_L780,REAL_TIME_DATA,CML780_STATUS_CONVEYOR,T3801_CC72_PLC_33,CC72_CML780.Status.ConveyorFull
OEE_L780,REAL_TIME_DATA,PEL780_STATUS_ALARM_JAM,T3801_CC72_PLC_33,CC72_PEL780R.Alarm.JamAlarm
OEE_L780,REAL_TIME_DATA,CML780_STATUS_POWER,T3801_CC72_PLC_33,CC72_CML780.Status.PowerSaveMode
OEE_L790_880,REAL_TIME_DATA,CML790_STATUS_RUN_FDBK,T3801_CC72_PLC_33,CC72_CML790.Status.RunningFdbk
OEE_L790_880,REAL_TIME_DATA,CML800_STATUS_RUN_FDBK,T3801_CC72_PLC_33,CC72_CML800.Status.RunningFdbk
OEE_L790_880,REAL_TIME_DATA,CML810_STATUS_RUN_FDBK,T3801_CC72_PLC_33,CC72_CML810.Status.RunningFdbk
OEE_L790_880,REAL_TIME_DATA,CML840_STATUS_RUN_FDBK,T3801_CC72_PLC_33,CC72_CML840.Status.RunningFdbk
OEE_L790_880,REAL_TIME_DATA,CML850_STATUS_RUN_FDBK,T3801_CC72_PLC_33,CC72_CML850.Status.RunningFdbk
OEE_L790_880,REAL_TIME_DATA,CML860_STATUS_RUN_FDBK,T3801_CC72_PLC_33,CC72_CML860.Status.RunningFdbk
OEE_L790_880,REAL_TIME_DATA,CML870_STATUS_RUN_FDBK,T3801_CC72_PLC_33,CC72_CML870.Status.RunningFdbk
OEE_L790_880,REAL_TIME_DATA,CML880_STATUS_RUN_FDBK,T3801_CC72_PLC_33,CC72_CML880.Status.RunningFdbk
OEE_L790_880,REAL_TIME_DATA,CML830_STATUS_RUN_FDBK,T3801_CC72_PLC_33,CC72_CML830.Status.RunningFdbk
OEE_L790_880,REAL_TIME_DATA,CML790_STATUS_ALARM_OVERLOAD,T3801_CC72_PLC_33,CC72_CML790.Alarm.Overload
OEE_L790_880,REAL_TIME_DATA,CML800_STATUS_ALARM_OVERLOAD,T3801_CC72_PLC_33,CC72_CML800.Alarm.Overload
OEE_L790_880,REAL_TIME_DATA,CML810_STATUS_ALARM_OVERLOAD,T3801_CC72_PLC_33,CC72_CML810.Alarm.Overload
OEE_L790_880,REAL_TIME_DATA,CML830_STATUS_ALARM_OVERLOAD,T3801_CC72_PLC_33,CC72_CML830.Alarm.Overload
OEE_L790_880,REAL_TIME_DATA,CML840_STATUS_ALARM_OVERLOAD,T3801_CC72_PLC_33,CC72_CML840.Alarm.Overload
OEE_L790_880,REAL_TIME_DATA,CML850_STATUS_ALARM_OVERLOAD,T3801_CC72_PLC_33,CC72_CML850.Alarm.Overload
OEE_L790_880,REAL_TIME_DATA,CML860_STATUS_ALARM_OVERLOAD,T3801_CC72_PLC_33,CC72_CML860.Alarm.Overload
OEE_L790_880,REAL_TIME_DATA,CML870_STATUS_ALARM_OVERLOAD,T3801_CC72_PLC_33,CC72_CML870.Alarm.Overload
OEE_L790_880,REAL_TIME_DATA,CML880_STATUS_ALARM_OVERLOAD,T3801_CC72_PLC_33,CC72_CML880.Alarm.Overload
OEE_L790_880,REAL_TIME_DATA,CML790_STATUS_ALARM_DISCONNET,T3801_CC72_PLC_33,CC72_CML790.Alarm.Disconnect
OEE_L790_880,REAL_TIME_DATA,CML800_STATUS_ALARM_DISCONNET,T3801_CC72_PLC_33,CC72_CML800.Alarm.Disconnect
OEE_L790_880,REAL_TIME_DATA,CML810_STATUS_ALARM_DISCONNET,T3801_CC72_PLC_33,CC72_CML810.Alarm.Disconnect
OEE_L790_880,REAL_TIME_DATA,CML830_STATUS_ALARM_DISCONNET,T3801_CC72_PLC_33,CC72_CML830.Alarm.Disconnect
OEE_L790_880,REAL_TIME_DATA,CML840_STATUS_ALARM_DISCONNET,T3801_CC72_PLC_33,CC72_CML840.Alarm.Disconnect
OEE_L790_880,REAL_TIME_DATA,CML850_STATUS_ALARM_DISCONNET,T3801_CC72_PLC_33,CC72_CML850.Alarm.Disconnect
OEE_L790_880,REAL_TIME_DATA,CML860_STATUS_ALARM_DISCONNET,T3801_CC72_PLC_33,CC72_CML860.Alarm.Disconnect
OEE_L790_880,REAL_TIME_DATA,CML870_STATUS_ALARM_DISCONNET,T3801_CC72_PLC_33,CC72_CML870.Alarm.Disconnect
OEE_L790_880,REAL_TIME_DATA,CML880_STATUS_ALARM_DISCONNET,T3801_CC72_PLC_33,CC72_CML880.Alarm.Disconnect
OEE_L790_880,REAL_TIME_DATA,CML790_STATUS_ALARM_RUN,T3801_CC72_PLC_33,CC72_CML790.Alarm.RunAlarm
OEE_L790_880,REAL_TIME_DATA,CML800_STATUS_ALARM_RUN,T3801_CC72_PLC_33,CC72_CML800.Alarm.RunAlarm
OEE_L790_880,REAL_TIME_DATA,CML810_STATUS_ALARM_RUN,T3801_CC72_PLC_33,CC72_CML810.Alarm.RunAlarm
OEE_L790_880,REAL_TIME_DATA,CML830_STATUS_ALARM_RUN,T3801_CC72_PLC_33,CC72_CML830.Alarm.RunAlarm
OEE_L790_880,REAL_TIME_DATA,CML840_STATUS_ALARM_RUN,T3801_CC72_PLC_33,CC72_CML840.Alarm.RunAlarm
OEE_L790_880,REAL_TIME_DATA,CML850_STATUS_ALARM_RUN,T3801_CC72_PLC_33,CC72_CML850.Alarm.RunAlarm
OEE_L790_880,REAL_TIME_DATA,CML860_STATUS_ALARM_RUN,T3801_CC72_PLC_33,CC72_CML860.Alarm.RunAlarm
OEE_L790_880,REAL_TIME_DATA,CML870_STATUS_ALARM_RUN,T3801_CC72_PLC_33,CC72_CML870.Alarm.RunAlarm
OEE_L790_880,REAL_TIME_DATA,CML880_STATUS_ALARM_RUN,T3801_CC72_PLC_33,CC72_CML880.Alarm.RunAlarm
OEE_L790_880,REAL_TIME_DATA,CML790_STATUS_ALARM_COMM,T3801_CC72_PLC_33,CC72_CML790.Alarm.CommAlm
OEE_L790_880,REAL_TIME_DATA,CML800_STATUS_ALARM_COMM,T3801_CC72_PLC_33,CC72_CML800.Alarm.CommAlm
OEE_L790_880,REAL_TIME_DATA,CML810_STATUS_ALARM_COMM,T3801_CC72_PLC_33,CC72_CML810.Alarm.CommAlm
OEE_L790_880,REAL_TIME_DATA,CML830_STATUS_ALARM_COMM,T3801_CC72_PLC_33,CC72_CML830.Alarm.CommAlm
OEE_L790_880,REAL_TIME_DATA,CML840_STATUS_ALARM_COMM,T3801_CC72_PLC_33,CC72_CML840.Alarm.CommAlm
OEE_L790_880,REAL_TIME_DATA,CML850_STATUS_ALARM_COMM,T3801_CC72_PLC_33,CC72_CML850.Alarm.CommAlm
OEE_L790_880,REAL_TIME_DATA,CML860_STATUS_ALARM_COMM,T3801_CC72_PLC_33,CC72_CML860.Alarm.CommAlm
OEE_L790_880,REAL_TIME_DATA,CML870_STATUS_ALARM_COMM,T3801_CC72_PLC_33,CC72_CML870.Alarm.CommAlm
OEE_L790_880,REAL_TIME_DATA,CML880_STATUS_ALARM_COMM,T3801_CC72_PLC_33,CC72_CML880.Alarm.CommAlm
OEE_L790_880,REAL_TIME_DATA,CML790_STATUS_SAFETY,T3801_CC72_PLC_33,CC72_CML790.Status.SafetyInterlock
OEE_L790_880,REAL_TIME_DATA,CML800_STATUS_SAFETY,T3801_CC72_PLC_33,CC72_CML800.Status.SafetyInterlock
OEE_L790_880,REAL_TIME_DATA,CML810_STATUS_SAFETY,T3801_CC72_PLC_33,CC72_CML810.Status.SafetyInterlock
OEE_L790_880,REAL_TIME_DATA,CML830_STATUS_SAFETY,T3801_CC72_PLC_33,CC72_CML830.Status.SafetyInterlock
OEE_L790_880,REAL_TIME_DATA,CML840_STATUS_SAFETY,T3801_CC72_PLC_33,CC72_CML840.Status.SafetyInterlock
OEE_L790_880,REAL_TIME_DATA,CML850_STATUS_SAFETY,T3801_CC72_PLC_33,CC72_CML850.Status.SafetyInterlock
OEE_L790_880,REAL_TIME_DATA,CML860_STATUS_SAFETY,T3801_CC72_PLC_33,CC72_CML860.Status.SafetyInterlock
OEE_L790_880,REAL_TIME_DATA,CML870_STATUS_SAFETY,T3801_CC72_PLC_33,CC72_CML870.Status.SafetyInterlock
OEE_L790_880,REAL_TIME_DATA,CML880_STATUS_SAFETY,T3801_CC72_PLC_33,CC72_CML880.Status.SafetyInterlock
OEE_L790_880,REAL_TIME_DATA,PXL830_STATUS_ALARM_AGLR,T3801_CC72_PLC_33,CC72_PXL830.Alarm.AGLRAlarm
OEE_L790_880,REAL_TIME_DATA,PXL870_STATUS_ALARM_AGLR,T3801_CC72_PLC_33,CC72_PXL870.Alarm.AGLRAlarm
OEE_L790_880,REAL_TIME_DATA,PXL880_STATUS_ALARM_AGLR,T3801_CC72_PLC_33,CC72_PXL880.Alarm.AGLRAlarm
OEE_L790_880,REAL_TIME_DATA,ITL800_STATUS_ALARM_IN,T3801_CC72_PLC_33,CC72_ITL800.Status.InAlarm
OEE_L790_880,REAL_TIME_DATA,ITL810_STATUS_ALARM_IN,T3801_CC72_PLC_33,CC72_ITL810.Status.InAlarm
OEE_L790_880,REAL_TIME_DATA,ITL830_STATUS_ALARM_IN,T3801_CC72_PLC_33,CC72_ITL830.Status.InAlarm
OEE_L790_880,REAL_TIME_DATA,ITL840_STATUS_ALARM_IN,T3801_CC72_PLC_33,CC72_ITL840.Status.InAlarm
OEE_L790_880,REAL_TIME_DATA,ITL850_STATUS_ALARM_IN,T3801_CC72_PLC_33,CC72_ITL850.Status.InAlarm
OEE_L790_880,REAL_TIME_DATA,ITL860_STATUS_ALARM_IN,T3801_CC72_PLC_33,CC72_ITL860.Status.InAlarm
OEE_L790_880,REAL_TIME_DATA,ITL870_STATUS_ALARM_IN,T3801_CC72_PLC_33,CC72_ITL870.Status.InAlarm
OEE_L790_880,REAL_TIME_DATA,ITL880_STATUS_ALARM_IN,T3801_CC72_PLC_33,CC72_ITL880.Status.InAlarm
OEE_L790_880,REAL_TIME_DATA,PEL800_STATUS_1MIN_FLOW,T3801_CC72_PLC_33,CC72_PEL800.Status.OneMinuteFlow
OEE_L790_880,REAL_TIME_DATA,PEL810_STATUS_1MIN_FLOW,T3801_CC72_PLC_33,CC72_PEL810.Status.OneMinuteFlow
OEE_L790_880,REAL_TIME_DATA,PEL830_STATUS_1MIN_FLOW,T3801_CC72_PLC_33,CC72_PEL830.Status.OneMinuteFlow
OEE_L790_880,REAL_TIME_DATA,PEL840_STATUS_1MIN_FLOW,T3801_CC72_PLC_33,CC72_PEL840.Status.OneMinuteFlow
OEE_L790_880,REAL_TIME_DATA,PEL850_STATUS_1MIN_FLOW,T3801_CC72_PLC_33,CC72_PEL850.Status.OneMinuteFlow
OEE_L790_880,REAL_TIME_DATA,PEL860_STATUS_1MIN_FLOW,T3801_CC72_PLC_33,CC72_PEL860.Status.OneMinuteFlow
OEE_L790_880,REAL_TIME_DATA,PEL870_STATUS_1MIN_FLOW,T3801_CC72_PLC_33,CC72_PEL870.Status.OneMinuteFlow
OEE_L790_880,REAL_TIME_DATA,PEL880_STATUS_1MIN_FLOW,T3801_CC72_PLC_33,CC72_PEL880.Status.OneMinuteFlow
OEE_L790_880,REAL_TIME_DATA,PEL800_STATUS_CURR_SHIFT_COUNT,T3801_CC72_PLC_33,CC72_PEL800.Status.CurrentShiftCount
OEE_L790_880,REAL_TIME_DATA,PEL810_STATUS_CURR_SHIFT_COUNT,T3801_CC72_PLC_33,CC72_PEL810.Status.CurrentShiftCount
OEE_L790_880,REAL_TIME_DATA,PEL830_STATUS_CURR_SHIFT_COUNT,T3801_CC72_PLC_33,CC72_PEL830.Status.CurrentShiftCount
OEE_L790_880,REAL_TIME_DATA,PEL840_STATUS_CURR_SHIFT_COUNT,T3801_CC72_PLC_33,CC72_PEL840.Status.CurrentShiftCount
OEE_L790_880,REAL_TIME_DATA,PEL850_STATUS_CURR_SHIFT_COUNT,T3801_CC72_PLC_33,CC72_PEL850.Status.CurrentShiftCount
OEE_L790_880,REAL_TIME_DATA,PEL860_STATUS_CURR_SHIFT_COUNT,T3801_CC72_PLC_33,CC72_PEL860.Status.CurrentShiftCount
OEE_L790_880,REAL_TIME_DATA,PEL870_STATUS_CURR_SHIFT_COUNT,T3801_CC72_PLC_33,CC72_PEL870.Status.CurrentShiftCount
OEE_L790_880,REAL_TIME_DATA,PEL880_STATUS_CURR_SHIFT_COUNT,T3801_CC72_PLC_33,CC72_PEL880.Status.CurrentShiftCount
OEE_L790_880,REAL_TIME_DATA,CML790_STATUS_CONVEYOR,T3801_CC72_PLC_33,CC72_CML790.Status.ConveyorFull
OEE_L790_880,REAL_TIME_DATA,CML800_STATUS_CONVEYOR,T3801_CC72_PLC_33,CC72_CML800.Status.ConveyorFull
OEE_L790_880,REAL_TIME_DATA,CML810_STATUS_CONVEYOR,T3801_CC72_PLC_33,CC72_CML810.Status.ConveyorFull
OEE_L790_880,REAL_TIME_DATA,CML830_STATUS_CONVEYOR,T3801_CC72_PLC_33,CC72_CML830.Status.ConveyorFull
OEE_L790_880,REAL_TIME_DATA,CML840_STATUS_CONVEYOR,T3801_CC72_PLC_33,CC72_CML840.Status.ConveyorFull
OEE_L790_880,REAL_TIME_DATA,CML850_STATUS_CONVEYOR,T3801_CC72_PLC_33,CC72_CML850.Status.ConveyorFull
OEE_L790_880,REAL_TIME_DATA,CML860_STATUS_CONVEYOR,T3801_CC72_PLC_33,CC72_CML860.Status.ConveyorFull
OEE_L790_880,REAL_TIME_DATA,CML870_STATUS_CONVEYOR,T3801_CC72_PLC_33,CC72_CML870.Status.ConveyorFull
OEE_L790_880,REAL_TIME_DATA,CML880_STATUS_CONVEYOR,T3801_CC72_PLC_33,CC72_CML880.Status.ConveyorFull
OEE_L790_880,REAL_TIME_DATA,PEL800_STATUS_ALARM_JAM,T3801_CC72_PLC_33,CC72_PEL800.Alarm.JamAlarm
OEE_L790_880,REAL_TIME_DATA,PEL810_STATUS_ALARM_JAM,T3801_CC72_PLC_33,CC72_PEL810.Alarm.JamAlarm
OEE_L790_880,REAL_TIME_DATA,PEL830_STATUS_ALARM_JAM,T3801_CC72_PLC_33,CC72_PEL830.Alarm.JamAlarm
OEE_L790_880,REAL_TIME_DATA,PEL840_STATUS_ALARM_JAM,T3801_CC72_PLC_33,CC72_PEL840.Alarm.JamAlarm
OEE_L790_880,REAL_TIME_DATA,PEL850_STATUS_ALARM_JAM,T3801_CC72_PLC_33,CC72_PEL850.Alarm.JamAlarm
OEE_L790_880,REAL_TIME_DATA,PEL860_STATUS_ALARM_JAM,T3801_CC72_PLC_33,CC72_PEL860.Alarm.JamAlarm
OEE_L790_880,REAL_TIME_DATA,PEL870_STATUS_ALARM_JAM,T3801_CC72_PLC_33,CC72_PEL870.Alarm.JamAlarm
OEE_L790_880,REAL_TIME_DATA,PEL880_STATUS_ALARM_JAM,T3801_CC72_PLC_33,CC72_PEL880.Alarm.JamAlarm
OEE_L790_880,REAL_TIME_DATA,CML790_STATUS_POWER,T3801_CC72_PLC_33,CC72_CML790.Status.PowerSaveMode
OEE_L790_880,REAL_TIME_DATA,CML800_STATUS_POWER,T3801_CC72_PLC_33,CC72_CML800.Status.PowerSaveMode
OEE_L790_880,REAL_TIME_DATA,CML810_STATUS_POWER,T3801_CC72_PLC_33,CC72_CML810.Status.PowerSaveMode
OEE_L790_880,REAL_TIME_DATA,CML830_STATUS_POWER,T3801_CC72_PLC_33,CC72_CML830.Status.PowerSaveMode
OEE_L790_880,REAL_TIME_DATA,CML840_STATUS_POWER,T3801_CC72_PLC_33,CC72_CML840.Status.PowerSaveMode
OEE_L790_880,REAL_TIME_DATA,CML850_STATUS_POWER,T3801_CC72_PLC_33,CC72_CML850.Status.PowerSaveMode
OEE_L790_880,REAL_TIME_DATA,CML860_STATUS_POWER,T3801_CC72_PLC_33,CC72_CML860.Status.PowerSaveMode
OEE_L790_880,REAL_TIME_DATA,CML870_STATUS_POWER,T3801_CC72_PLC_33,CC72_CML870.Status.PowerSaveMode
OEE_L790_880,REAL_TIME_DATA,CML880_STATUS_POWER,T3801_CC72_PLC_33,CC72_CML880.Status.PowerSaveMode
OEE_L710,REAL_TIME_DATA,CML720_STATUS_ALARM_DISCONNET,T3801_CC72_PLC_33,CC72_CML720.Alarm.Disconnect
OEE_L020_130,REAL_TIME_DATA,CML720_STATUS_ALARM_RUN,T3801_CC72_PLC_33,CC72_CML720.Alarm.RunAlarm
OEE_L020_130,REAL_TIME_DATA,CML720_STATUS_ALARM_OVERLOAD,T3801_CC72_PLC_33,CC72_CML720.Alarm.Overload
OEE_L020_130,REAL_TIME_DATA,PEL730_STATUS_1MIN_FLOW,T3801_CC72_PLC_33,CC72_PEL730.Status.OneMinuteFlow
OEE_L170_290,REAL_TIME_DATA,CML_STATUS_RUN_FDBK,T3801_CC72_PLC_33,
OEE_L170_290,REAL_TIME_DATA,CML290_STATUS_SAFETY,T3801_CC72_PLC_33,CC72_CML290.Status.SafetyInterlock
OEE_L170_290,REAL_TIME_DATA,CML290_STATUS_CONVEYOR,T3801_CC72_PLC_33,CC72_CML290.Status.ConveyorFull
OEE_L560,REAL_TIME_DATA,CML560_STATUS_RUN_FDBK,T3801_CC71_PLC_35,CC71_JBL560_I0_INPUTIO
OEE_L570_690,REAL_TIME_DATA,CML570_STATUS_RUN_FDBK,T3801_CC71_PLC_35,CC71_CML570.Status.RunningFdbk
OEE_L570_690,REAL_TIME_DATA,CML580_STATUS_RUN_FDBK,T3801_CC71_PLC_35,CC71_CML580.Status.RunningFdbk
OEE_L570_690,REAL_TIME_DATA,CML600_STATUS_RUN_FDBK,T3801_CC71_PLC_35,CC71_CML600.Status.RunningFdbk
OEE_L570_690,REAL_TIME_DATA,CML620_STATUS_RUN_FDBK,T3801_CC71_PLC_35,CC71_CML620.Status.RunningFdbk
OEE_L570_690,REAL_TIME_DATA,CML630_STATUS_RUN_FDBK,T3801_CC71_PLC_35,CC71_CML630.Status.RunningFdbk
OEE_L570_690,REAL_TIME_DATA,CML640_STATUS_RUN_FDBK,T3801_CC71_PLC_35,CC71_CML640.Status.RunningFdbk
OEE_L570_690,REAL_TIME_DATA,CML650_STATUS_RUN_FDBK,T3801_CC71_PLC_35,CC71_CML650.Status.RunningFdbk
OEE_L570_690,REAL_TIME_DATA,CML660_STATUS_RUN_FDBK,T3801_CC71_PLC_35,CC71_CML660.Status.RunningFdbk
OEE_L570_690,REAL_TIME_DATA,CML570_STATUS_ALARM_OVERLOAD,T3801_CC71_PLC_35,CC71_CML570.Alarm.Overload
OEE_L570_690,REAL_TIME_DATA,CML580_STATUS_ALARM_OVERLOAD,T3801_CC71_PLC_35,CC71_CML580.Alarm.Overload
OEE_L570_690,REAL_TIME_DATA,CML600_STATUS_ALARM_OVERLOAD,T3801_CC71_PLC_35,CC71_CML600.Alarm.Overload
OEE_L570_690,REAL_TIME_DATA,CML620_STATUS_ALARM_OVERLOAD,T3801_CC71_PLC_35,CC71_CML620.Alarm.Overload
OEE_L570_690,REAL_TIME_DATA,CML630_STATUS_ALARM_OVERLOAD,T3801_CC71_PLC_35,CC71_CML630.Alarm.Overload
OEE_L570_690,REAL_TIME_DATA,CML640_STATUS_ALARM_OVERLOAD,T3801_CC71_PLC_35,CC71_CML640.Alarm.Overload
OEE_L570_690,REAL_TIME_DATA,CML650_STATUS_ALARM_OVERLOAD,T3801_CC71_PLC_35,CC71_CML650.Alarm.Overload
OEE_L570_690,REAL_TIME_DATA,CML660_STATUS_ALARM_OVERLOAD,T3801_CC71_PLC_35,CC71_CML660.Alarm.Overload
OEE_L570_690,REAL_TIME_DATA,CML570_STATUS_ALARM_DISCONNET,T3801_CC71_PLC_35,CC71_CML570.Alarm.Disconnect
OEE_L570_690,REAL_TIME_DATA,CML580_STATUS_ALARM_DISCONNET,T3801_CC71_PLC_35,CC71_CML580.Alarm.Disconnect
OEE_L570_690,REAL_TIME_DATA,CML600_STATUS_ALARM_DISCONNET,T3801_CC71_PLC_35,CC71_CML600.Alarm.Disconnect
OEE_L570_690,REAL_TIME_DATA,CML620_STATUS_ALARM_DISCONNET,T3801_CC71_PLC_35,CC71_CML620.Alarm.Disconnect
OEE_L570_690,REAL_TIME_DATA,CML630_STATUS_ALARM_DISCONNET,T3801_CC71_PLC_35,CC71_CML630.Alarm.Disconnect
OEE_L570_690,REAL_TIME_DATA,CML640_STATUS_ALARM_DISCONNET,T3801_CC71_PLC_35,CC71_CML640.Alarm.Disconnect
OEE_L570_690,REAL_TIME_DATA,CML650_STATUS_ALARM_DISCONNET,T3801_CC71_PLC_35,CC71_CML650.Alarm.Disconnect
OEE_L570_690,REAL_TIME_DATA,CML660_STATUS_ALARM_DISCONNET,T3801_CC71_PLC_35,CC71_CML660.Alarm.Disconnect
OEE_L570_690,REAL_TIME_DATA,CML570_STATUS_ALARM_RUN,T3801_CC71_PLC_35,CC71_CML570.Alarm.RunAlarm
OEE_L570_690,REAL_TIME_DATA,CML580_STATUS_ALARM_RUN,T3801_CC71_PLC_35,CC71_CML580.Alarm.RunAlarm
OEE_L570_690,REAL_TIME_DATA,CML600_STATUS_ALARM_RUN,T3801_CC71_PLC_35,CC71_CML600.Alarm.RunAlarm
OEE_L570_690,REAL_TIME_DATA,CML620_STATUS_ALARM_RUN,T3801_CC71_PLC_35,CC71_CML620.Alarm.RunAlarm
OEE_L570_690,REAL_TIME_DATA,CML630_STATUS_ALARM_RUN,T3801_CC71_PLC_35,CC71_CML630.Alarm.RunAlarm
OEE_L570_690,REAL_TIME_DATA,CML640_STATUS_ALARM_RUN,T3801_CC71_PLC_35,CC71_CML640.Alarm.RunAlarm
OEE_L570_690,REAL_TIME_DATA,CML650_STATUS_ALARM_RUN,T3801_CC71_PLC_35,CC71_CML650.Alarm.RunAlarm
OEE_L570_690,REAL_TIME_DATA,CML660_STATUS_ALARM_RUN,T3801_CC71_PLC_35,CC71_CML660.Alarm.RunAlarm
OEE_L570_690,REAL_TIME_DATA,CML570_STATUS_ALARM_COMM,T3801_CC71_PLC_35,CC71_CML570.Alarm.CommAlm
OEE_L570_690,REAL_TIME_DATA,CML580_STATUS_ALARM_COMM,T3801_CC71_PLC_35,CC71_CML580.Alarm.CommAlm
OEE_L570_690,REAL_TIME_DATA,CML600_STATUS_ALARM_COMM,T3801_CC71_PLC_35,CC71_CML600.Alarm.CommAlm
OEE_L570_690,REAL_TIME_DATA,CML620_STATUS_ALARM_COMM,T3801_CC71_PLC_35,CC71_CML620.Alarm.CommAlm
OEE_L570_690,REAL_TIME_DATA,CML630_STATUS_ALARM_COMM,T3801_CC71_PLC_35,CC71_CML630.Alarm.CommAlm
OEE_L570_690,REAL_TIME_DATA,CML640_STATUS_ALARM_COMM,T3801_CC71_PLC_35,CC71_CML640.Alarm.CommAlm
OEE_L570_690,REAL_TIME_DATA,CML650_STATUS_ALARM_COMM,T3801_CC71_PLC_35,CC71_CML650.Alarm.CommAlm
OEE_L570_690,REAL_TIME_DATA,CML660_STATUS_ALARM_COMM,T3801_CC71_PLC_35,CC71_CML660.Alarm.CommAlm
OEE_L570_690,REAL_TIME_DATA,CML570_STATUS_SAFETY,T3801_CC71_PLC_35,CC71_CML570.Status.SafetyInterlock
OEE_L570_690,REAL_TIME_DATA,CML580_STATUS_SAFETY,T3801_CC71_PLC_35,CC71_CML580.Status.SafetyInterlock
OEE_L570_690,REAL_TIME_DATA,CML600_STATUS_SAFETY,T3801_CC71_PLC_35,CC71_CML600.Status.SafetyInterlock
OEE_L570_690,REAL_TIME_DATA,CML620_STATUS_SAFETY,T3801_CC71_PLC_35,CC71_CML620.Status.SafetyInterlock
OEE_L570_690,REAL_TIME_DATA,CML630_STATUS_SAFETY,T3801_CC71_PLC_35,CC71_CML630.Status.SafetyInterlock
OEE_L570_690,REAL_TIME_DATA,CML640_STATUS_SAFETY,T3801_CC71_PLC_35,CC71_CML640.Status.SafetyInterlock
OEE_L570_690,REAL_TIME_DATA,CML650_STATUS_SAFETY,T3801_CC71_PLC_35,CC71_CML650.Status.SafetyInterlock
OEE_L570_690,REAL_TIME_DATA,CML660_STATUS_SAFETY,T3801_CC71_PLC_35,CC71_CML660.Status.SafetyInterlock
OEE_L570_690,REAL_TIME_DATA,ITL580_STATUS_ALARM_IN,T3801_CC71_PLC_35,CC71_ITL580.Status.InAlarm
OEE_L570_690,REAL_TIME_DATA,PEL570_STATUS_1MIN_FLOW,T3801_CC71_PLC_35,CC71_PEL570.Status.OneMinuteFlow
OEE_L570_690,REAL_TIME_DATA,PEL580_STATUS_1MIN_FLOW,T3801_CC71_PLC_35,CC71_PEL580.Status.OneMinuteFlow
OEE_L570_690,REAL_TIME_DATA,PEL610_STATUS_1MIN_FLOW,T3801_CC71_PLC_35,CC71_PEL610.Status.OneMinuteFlow
OEE_L570_690,REAL_TIME_DATA,PEL620_STATUS_1MIN_FLOW,T3801_CC71_PLC_35,CC71_PEL620.Status.OneMinuteFlow
OEE_L570_690,REAL_TIME_DATA,PEL640_STATUS_1MIN_FLOW,T3801_CC71_PLC_35,CC71_PEL640.Status.OneMinuteFlow
OEE_L570_690,REAL_TIME_DATA,PEL650_STATUS_1MIN_FLOW,T3801_CC71_PLC_35,CC71_PEL650.Status.OneMinuteFlow
OEE_L570_690,REAL_TIME_DATA,CML570_STATUS_CONVEYOR,T3801_CC71_PLC_35,CC71_CML570.Status.ConveyorFull
OEE_L570_690,REAL_TIME_DATA,CML580_STATUS_CONVEYOR,T3801_CC71_PLC_35,CC71_CML580.Status.ConveyorFull
OEE_L570_690,REAL_TIME_DATA,CML600_STATUS_CONVEYOR,T3801_CC71_PLC_35,CC71_CML600.Status.ConveyorFull
OEE_L570_690,REAL_TIME_DATA,CML620_STATUS_CONVEYOR,T3801_CC71_PLC_35,CC71_CML620.Status.ConveyorFull
OEE_L570_690,REAL_TIME_DATA,CML630_STATUS_CONVEYOR,T3801_CC71_PLC_35,CC71_CML630.Status.ConveyorFull
OEE_L570_690,REAL_TIME_DATA,CML640_STATUS_CONVEYOR,T3801_CC71_PLC_35,CC71_CML640.Status.ConveyorFull
OEE_L570_690,REAL_TIME_DATA,CML650_STATUS_CONVEYOR,T3801_CC71_PLC_35,CC71_CML650.Status.ConveyorFull
OEE_L570_690,REAL_TIME_DATA,CML660_STATUS_CONVEYOR,T3801_CC71_PLC_35,CC71_CML660.Status.ConveyorFull
OEE_L570_690,REAL_TIME_DATA,PEL570_STATUS_ALARM_JAM,T3801_CC71_PLC_35,CC71_PEL570.Alarm.JamAlarm
OEE_L570_690,REAL_TIME_DATA,PEL580_STATUS_ALARM_JAM,T3801_CC71_PLC_35,CC71_PEL580.Alarm.JamAlarm
OEE_L570_690,REAL_TIME_DATA,PEL610_STATUS_ALARM_JAM,T3801_CC71_PLC_35,CC71_PEL610.Alarm.JamAlarm
OEE_L570_690,REAL_TIME_DATA,PEL620_STATUS_ALARM_JAM,T3801_CC71_PLC_35,CC71_PEL620.Alarm.JamAlarm
OEE_L570_690,REAL_TIME_DATA,PEL640_STATUS_ALARM_JAM,T3801_CC71_PLC_35,CC71_PEL640.Alarm.JamAlarm
OEE_L570_690,REAL_TIME_DATA,PEL650_STATUS_ALARM_JAM,T3801_CC71_PLC_35,CC71_PEL650.Alarm.JamAlarm
OEE_L570_690,REAL_TIME_DATA,CML570_STATUS_POWER,T3801_CC71_PLC_35,CC71_CML570.Status.PowerSaveMode
OEE_L570_690,REAL_TIME_DATA,CML580_STATUS_POWER,T3801_CC71_PLC_35,CC71_CML580.Status.PowerSaveMode
OEE_L570_690,REAL_TIME_DATA,CML600_STATUS_POWER,T3801_CC71_PLC_35,CC71_CML600.Status.PowerSaveMode
OEE_L570_690,REAL_TIME_DATA,CML620_STATUS_POWER,T3801_CC71_PLC_35,CC71_CML620.Status.PowerSaveMode
OEE_L570_690,REAL_TIME_DATA,CML630_STATUS_POWER,T3801_CC71_PLC_35,CC71_CML630.Status.PowerSaveMode
OEE_L570_690,REAL_TIME_DATA,CML640_STATUS_POWER,T3801_CC71_PLC_35,CC71_CML640.Status.PowerSaveMode
OEE_L570_690,REAL_TIME_DATA,CML650_STATUS_POWER,T3801_CC71_PLC_35,CC71_CML650.Status.PowerSaveMode
OEE_L570_690,REAL_TIME_DATA,CML660_STATUS_POWER,T3801_CC71_PLC_35,CC71_CML660.Status.PowerSaveMode
OEE_L170_290,REAL_TIME_DATA,PEL270_STATUS_ALARM_AGLR,T3801_CC71_PLC_35,CC71_PXL270.Alarm.AGLRAlarm
